lesson	lemma_iast	lemma_slp1	count_all	rank_all	band	cand_no	dcs_text	dcs_ref	dcs_sent	form	example_iast	public_glosses
XVIII	kāray	kAray	1521	433	топ-1000	1	Hitopadeśa	Hitop, 3	Hitop, 3, 102.5	kāraya	māṃ rajadarśanaṃ kāraya	побуждая | велел сделать | приказал
XVIII	kāray	kAray	1521	433	топ-1000	2	Hitopadeśa	Hitop, 0	Hitop, 0, 40	kāritavān	etac cintayitvā rājā paṇḍitasabhāṃ kāritavān	побуждая | велел сделать | приказал
XVIII	kāray	kAray	1521	433	топ-1000	3	Hitopadeśa	Hitop, 2	Hitop, 2, 90.17	kāritavantau	tataḥ saṃjīvakam ānīya darśanaṃ kāritavantau	побуждая | велел сделать | приказал
XVIII	kāray	kAray	1521	433	топ-1000	4	Hitopadeśa	Hitop, 1	Hitop, 1, 81	kārayet	durjanena samaṃ sakhyaṃ vairaṃ cāpi na kārayet	побуждая | велел сделать | приказал
XVIII	kāray	kAray	1521	433	топ-1000	5	Hitopadeśa	Hitop, 1	Hitop, 1, 109.3	kārayet	pañca yatra na vidyante tatra vāsaṃ na kārayet	побуждая | велел сделать | приказал
XVIII	kāray	kAray	1521	433	топ-1000	6	Hitopadeśa	Hitop, 3	Hitop, 3, 81.2	kārayet	phalgu sainyaṃ ca yat kiṃcin madhye vyūhasya kārayet	побуждая | велел сделать | приказал
XVIII	kāray	kAray	1521	433	топ-1000	7	Manusmṛti	ManuS, 8	ManuS, 8, 249	kārayet	upacchannāni cānyāni sīmāliṅgāni kārayet	побуждая | велел сделать | приказал
XVIII	kāray	kAray	1521	433	топ-1000	8	Manusmṛti	ManuS, 8	ManuS, 8, 251.2	kārayet	tāni saṃdhiṣu sīmāyām aprakāśāni kārayet	побуждая | велел сделать | приказал
XVIII	darśay	darSay	1159	594	топ-1000	1	Hitopadeśa	Hitop, 3	Hitop, 3, 7.9	darśitaḥ	tato mayāpi svavikramo darśitaḥ	показал | яви | явил
XVIII	darśay	darSay	1159	594	топ-1000	2	Hitopadeśa	Hitop, 1	Hitop, 1, 73.4	darśayāmi	tad ahaṃ tvāṃ tatra nītvā darśayāmi	показал | яви | явил
XVIII	darśay	darSay	1159	594	топ-1000	3	Hitopadeśa	Hitop, 1	Hitop, 1, 3.9	darśayiṣyati	na jāne kim anabhimataṃ darśayiṣyati	показал | яви | явил
XVIII	darśay	darSay	1159	594	топ-1000	4	Hitopadeśa	Hitop, 2	Hitop, 2, 113	darśayanti	atathyāny api tathyāni darśayanti hi peśalāḥ	показал | яви | явил
XVIII	darśay	darSay	1159	594	топ-1000	5	Hitopadeśa	Hitop, 2	Hitop, 2, 119.11	darśitavatī	tataḥ sā tatputraṃ kusūlād bahiṣkṛtya darśitavatī	показал | яви | явил
XVIII	darśay	darSay	1159	594	топ-1000	6	Hitopadeśa	Hitop, 2	Hitop, 2, 97	darśayate	niyuktaḥ kṣatriyo dravye khaḍgaṃ darśayate dhruvam	показал | яви | явил
XVIII	darśay	darSay	1159	594	топ-1000	7	Hitopadeśa	Hitop, 2	Hitop, 2, 124.6	darśaya	siṃhaḥ sakopam āha satvaraṃ gatvā durātmānaṃ darśaya	показал | яви | явил
XVIII	darśay	darSay	1159	594	топ-1000	8	Hitopadeśa	Hitop, 1	Hitop, 1, 8.3	darśayati	kutra tava kaṅkaṇam vyāghro hastaṃ prasārya darśayati	показал | яви | явил
XVIII	sthāpay	sTApay	1100	632	топ-1000	1	Hitopadeśa	Hitop, 4	Hitop, 4, 61.9	sthāpitaḥ	tena cābhayavācaṃ dattvā citrakarṇa iti nāma kṛtvā sthāpitaḥ	поставив | поставь | остановив
XVIII	sthāpay	sTApay	1100	632	топ-1000	2	Manusmṛti	ManuS, 7	ManuS, 7, 44.2	sthāpayituṃ	jitendriyo hi śaknoti vaśe sthāpayituṃ prajāḥ	поставив | поставь | остановив
XVIII	sthāpay	sTApay	1100	632	топ-1000	3	Manusmṛti	ManuS, 7	ManuS, 7, 141.2	sthāpayed	sthāpayed āsane tasmin khinnaḥ kāryekṣaṇe nṝṇām	поставив | поставь | остановив
XVIII	sthāpay	sTApay	1100	632	топ-1000	4	Manusmṛti	ManuS, 7	ManuS, 7, 190	sthāpayed	gulmāṃś ca sthāpayed āptān kṛtasaṃjñān samantataḥ	поставив | поставь | остановив
XVIII	sthāpay	sTApay	1100	632	топ-1000	5	Manusmṛti	ManuS, 7	ManuS, 7, 202.2	sthāpayet	sthāpayet tatra tadvaṃśyaṃ kuryāc ca samayakriyām	поставив | поставь | остановив
XVIII	sthāpay	sTApay	1100	632	топ-1000	6	Manusmṛti	ManuS, 8	ManuS, 8, 157.2	sthāpayanti	sthāpayanti tu yāṃ vṛddhiṃ sā tatrādhigamaṃ prati	поставив | поставь | остановив
XVIII	sthāpay	sTApay	1100	632	топ-1000	7	Manusmṛti	ManuS, 8	ManuS, 8, 261.2	sthāpayed	tat tathā sthāpayed rājā dharmeṇa grāmayor dvayoḥ	поставив | поставь | остановив
XVIII	sthāpay	sTApay	1100	632	топ-1000	8	Rāmāyaṇa	Rām, Bā, 65	Rām, Bā, 65, 15.2	sthāpitā	vīryaśulketi me kanyā sthāpiteyam ayonijā	поставив | поставь | остановив
XVIII	śrāvay	SrAvay	265	2361	редкое	1	Manusmṛti	ManuS, 1	ManuS, 1, None	śrāvayiṣyati	etat vaḥ ayam bhṛguḥ śāstram śrāvayiṣyati aśeṣatas	заставил выслушать | поведал | заставил слушать
XVIII	śrāvay	SrAvay	265	2361	редкое	2	Manusmṛti	ManuS, 3	ManuS, 3, 232	śrāvayet	svādhyāyaṃ śrāvayet pitrye dharmaśāstrāṇi caiva hi	заставил выслушать | поведал | заставил слушать
XVIII	śrāvay	SrAvay	265	2361	редкое	3	Rāmāyaṇa	Rām, Yu, 31	Rām, Yu, 31, 65.2	śrāvayāmāsa	sāmātyaṃ śrāvayāmāsa nivedyātmānam ātmanā	заставил выслушать | поведал | заставил слушать
XVIII	śrāvay	SrAvay	265	2361	редкое	4	Rāmāyaṇa	Rām, Ki, 31	Rām, Ki, 31, 4.2	śrāvito	mama doṣān asaṃbhūtāñ śrāvito rāghavānujaḥ	заставил выслушать | поведал | заставил слушать
XVIII	śrāvay	SrAvay	265	2361	редкое	5	Rāmāyaṇa	Rām, Yu, 39	Rām, Yu, 39, 19.2	śrāvitaṃ	paruṣaṃ vipriyaṃ vāpi śrāvitaṃ na kadācana	заставил выслушать | поведал | заставил слушать
XVIII	śrāvay	SrAvay	265	2361	редкое	6	Rāmāyaṇa	Rām, Utt, 13	Rām, Utt, 13, 35.2	śrāvayase	maheśvarasakhitvaṃ tu mūḍha śrāvayase kila	заставил выслушать | поведал | заставил слушать
XVIII	śrāvay	SrAvay	265	2361	редкое	7	Rāmāyaṇa	Rām, Utt, 98	Rām, Utt, 98, 5	śrāvitā	śrāvitā ca purī ramyā śrāvatīti lavasya ca	заставил выслушать | поведал | заставил слушать
XVIII	śrāvay	SrAvay	265	2361	редкое	8	Rāmāyaṇa	Rām, Yu, 104	Rām, Yu, 104, 5.2	śrāvayase	rūkṣaṃ śrāvayase vīra prākṛtaḥ prākṛtām iva	заставил выслушать | поведал | заставил слушать
XVIII	pūray	pUray	633	1123	редкое	1	Hitopadeśa	Hitop, 2	Hitop, 2, 10.2	pūryate	jalabindunipātena kramaśaḥ pūryate ghaṭaḥ	наполняя | наполнил | заполнил
XVIII	pūray	pUray	633	1123	редкое	2	Hitopadeśa	Hitop, 2	Hitop, 2, 28.4	pūrayanti	acireṇaiva ye tuṣṭāḥ pūrayanti manorathān	наполняя | наполнил | заполнил
XVIII	pūray	pUray	633	1123	редкое	3	Rāmāyaṇa	Rām, Yu, 87	Rām, Yu, 87, 6	pūritā	pūritā tena śabdena sanadīgirikānanā	наполняя | наполнил | заполнил
XVIII	pūray	pUray	633	1123	редкое	4	Rāmāyaṇa	Rām, Su, 1	Rām, Su, 1, 16.2	pūrayāmāsa	pṛthivīṃ pūrayāmāsa diśaścopavanāni ca	наполняя | наполнил | заполнил
XVIII	pūray	pUray	633	1123	редкое	5	Rāmāyaṇa	Rām, Ay, 6	Rām, Ay, 6, 8.2	pūrayāmāsa	ayodhyāṃ pūrayāmāsa tūryaghoṣānunāditaḥ	наполняя | наполнил | заполнил
XVIII	pūray	pUray	633	1123	редкое	6	Rāmāyaṇa	Rām, Ay, 6	Rām, Ay, 6, 26.2	pūrayāmāsuḥ	rāmasya pūrayāmāsuḥ purīṃ jānapadā janāḥ	наполняя | наполнил | заполнил
XVIII	pūray	pUray	633	1123	редкое	7	Rāmāyaṇa	Rām, Ay, 95	Rām, Ay, 95, 27	pūritam	pragṛhya ca mahīpālo jalapūritam añjalim	наполняя | наполнил | заполнил
XVIII	pūray	pUray	633	1123	редкое	8	Rāmāyaṇa	Rām, Ār, 59	Rām, Ār, 59, 7.2	pūrayitvā	apūrayitvā taṃ kālaṃ matsakāśam ihāgataḥ	наполняя | наполнил | заполнил
XXVIII	kup	kup	500	1398	редкое	1	Hitopadeśa	Hitop, 2	Hitop, 2, 84.5	kupito	tataḥ kesarāgraṃ lūnaṃ dṛṣṭvā kupito vivarāntargataṃ mūṣikam alabhamāno 'cintayat	разгневался | в гневе | разгневавшись
XXVIII	kup	kup	500	1398	редкое	2	Manusmṛti	ManuS, 9	ManuS, 9, 310.2	kupitā	te hy enaṃ kupitā hanyuḥ sadyaḥ sabalavāhanam	разгневался | в гневе | разгневавшись
XXVIII	kup	kup	500	1398	редкое	3	Rāmāyaṇa	Rām, Su, 22	Rām, Su, 22, 15.2	kupita	abravīt kupitākārā karālā nirṇatodarī	разгневался | в гневе | разгневавшись
XXVIII	kup	kup	500	1398	редкое	4	Rāmāyaṇa	Rām, Ār, 45	Rām, Ār, 45, 28	kupitā	rāvaṇenaivam uktā tu kupitā janakātmajā	разгневался | в гневе | разгневавшись
XXVIII	kup	kup	500	1398	редкое	5	Rāmāyaṇa	Rām, Ār, 43	Rām, Ār, 43, 5	kupitā	tam uvāca tatas tatra kupitā janakātmajā	разгневался | в гневе | разгневавшись
XXVIII	kup	kup	500	1398	редкое	6	Rāmāyaṇa	Rām, Ār, 44	Rām, Ār, 44, 1	kupito	tayā paruṣam uktas tu kupito rāghavānujaḥ	разгневался | в гневе | разгневавшись
XXVIII	kup	kup	500	1398	редкое	7	Rāmāyaṇa	Rām, Yu, 58	Rām, Yu, 58, 39.2	kupitaḥ	kupitaśca nijagrāha kirīṭe rākṣasarṣabham	разгневался | в гневе | разгневавшись
XXVIII	kup	kup	500	1398	редкое	8	Rāmāyaṇa	Rām, Yu, 59	Rām, Yu, 59, 65	kupitaḥ	tato 'tikāyaḥ kupitaścāpam āropya sāyakam	разгневался | в гневе | разгневавшись
XXVIII	krudh	kruD	1574	416	топ-1000	1	Hitopadeśa	Hitop, 2	Hitop, 2, 85.14	kruddhaḥ	na jāne kruddhaḥ svāmī kiṃ vidhāsyati	разгневанный | гневный | в гневе
XXVIII	krudh	kruD	1574	416	топ-1000	2	Hitopadeśa	Hitop, 2	Hitop, 2, 119.10	kruddha	ata evāyaṃ daṇḍanāyakaḥ kruddha eva gacchati	разгневанный | гневный | в гневе
XXVIII	krudh	kruD	1574	416	топ-1000	3	Hitopadeśa	Hitop, 2	Hitop, 2, 119.7	kruddhaḥ	sā brūte anyaṃ kenāpi kāryeṇa putrasyopari kruddhaḥ	разгневанный | гневный | в гневе
XXVIII	krudh	kruD	1574	416	топ-1000	4	Hitopadeśa	Hitop, 4	Hitop, 4, 62.2	kruddho	mattaḥ pramattaś conmattaḥ śrāntaḥ kruddho bubhukṣitaḥ	разгневанный | гневный | в гневе
XXVIII	krudh	kruD	1574	416	топ-1000	5	Hitopadeśa	Hitop, 4	Hitop, 4, 27.6	kruddhena	atha bhagavatā kruddhena varadānasyāvaśyakatayā vicāramūḍhayoḥ pārvatī pradattā	разгневанный | гневный | в гневе
XXVIII	krudh	kruD	1574	416	топ-1000	6	Manusmṛti	ManuS, 4	ManuS, 4, 207	kruddha	mattakruddhāturāṇāṃ ca na bhuñjīta kadācana	разгневанный | гневный | в гневе
XXVIII	krudh	kruD	1574	416	топ-1000	7	Manusmṛti	ManuS, 8	ManuS, 8, 67.2	kruddho	na śramārto na kāmārto na kruddho nāpi taskaraḥ	разгневанный | гневный | в гневе
XXVIII	krudh	kruD	1574	416	топ-1000	8	Manusmṛti	ManuS, 2	ManuS, 2, 202	kruddho	dūrastho nārcayed enaṃ na kruddho nāntike striyāḥ	разгневанный | гневный | в гневе
XXVIII	jan	jan	7380	62	топ-100	1	Hitopadeśa	Hitop, 1	Hitop, 1, 3.8	jātam	adya prātar evāniṣṭadarśanaṃ jātam	родился | рождается | родились
XXVIII	jan	jan	7380	62	топ-100	2	Hitopadeśa	Hitop, 1	Hitop, 1, 69.2	jātena	svacchandavanajātena śākenāpi prapūryate	родился | рождается | родились
XXVIII	jan	jan	7380	62	топ-100	3	Hitopadeśa	Hitop, 4	Hitop, 4, 90.3	jātānām	akāṇḍapātajātānām astrāṇāṃ marmabhedinām	родился | рождается | родились
XXVIII	jan	jan	7380	62	топ-100	4	Hitopadeśa	Hitop, 4	Hitop, 4, 69.3	jātam	kroḍīkaroti prathamaṃ yadā jātam anityatā	родился | рождается | родились
XXVIII	jan	jan	7380	62	топ-100	5	Hitopadeśa	Hitop, 0	Hitop, 0, 15	jāto	sa jāto yena jātena yāti vaṃśaḥ samunnatim	родился | рождается | родились
XXVIII	jan	jan	7380	62	топ-100	6	Hitopadeśa	Hitop, 4	Hitop, 4, 71.2	jātasya	jātasya hi dhruvo mṛtyur dhruvaṃ janma mṛtasya ca	родился | рождается | родились
XXVIII	jan	jan	7380	62	топ-100	7	Hitopadeśa	Hitop, 0	Hitop, 0, 12.2	jātena	ko 'rthaḥ putreṇa jātena yo na vidvān na dhārmikaḥ	родился | рождается | родились
XXVIII	jan	jan	7380	62	топ-100	8	Hitopadeśa	Hitop, 4	Hitop, 4, 141.10	jātam	rājaputrā ūcuḥ ārya tava prasādāt sakalarājyavyavahārāṅgaṃ jātam	родился | рождается | родились
XXVIII	khan	Kan	149	3640	редкое	1	Manusmṛti	ManuS, 2	ManuS, 2, 218	khanan	yathā khanan khanitreṇa naro vāry adhigacchati	копаю | Вырой | откопал
XXVIII	khan	Kan	149	3640	редкое	2	Rāmāyaṇa	Rām, Bā, 38	Rām, Bā, 38, 22	khananto	khananto nṛpaśārdūla sarvataḥ paricakramuḥ	копаю | Вырой | откопал
XXVIII	khan	Kan	149	3640	редкое	3	Rāmāyaṇa	Rām, Bā, 39	Rām, Bā, 39, 20.2	khanantaḥ	khanantaḥ samupakrāntā diśaṃ somavatīṃ tadā	копаю | Вырой | откопал
XXVIII	khan	Kan	149	3640	редкое	4	Rāmāyaṇa	Rām, Bā, 39	Rām, Bā, 39, 12	khanyamāne	khanyamāne tatas tasmin dadṛśuḥ parvatopamam	копаю | Вырой | откопал
XXVIII	khan	Kan	149	3640	редкое	5	Rāmāyaṇa	Rām, Ay, 18	Rām, Ay, 18, 28.2	khanadbhiḥ	khanadbhiḥ sāgarair bhūtim avāptaḥ sumahān vadhaḥ	копаю | Вырой | откопал
XXVIII	khan	Kan	149	3640	редкое	6	Rāmāyaṇa	Rām, Bā, 40	Rām, Bā, 40, 6	khātaṃ	sa khātaṃ pitṛbhir mārgam antarbhaumaṃ mahātmabhiḥ	копаю | Вырой | откопал
XXVIII	khan	Kan	149	3640	редкое	7	Mahābhārata	MBh, 3, 45	MBh, 3, 45, 26	khanamānā	yena pūrvaṃ mahātmānaḥ khanamānā rasātalam	копаю | Вырой | откопал
XXVIII	khan	Kan	149	3640	редкое	8	Mahābhārata	MBh, 1, 169	MBh, 1, 169, 17.2	khanatā	khanatādhigataṃ vittaṃ kenacid bhṛguveśmani	копаю | Вырой | откопал
XXVIII	san	san	155	3542	редкое	1	Aṣṭādhyāyī	Aṣṭādhyāyī, 1, 3	Aṣṭādhyāyī, 1, 3, 57	sanaḥ	jñāśrusmṛdṛśāṃ sanaḥ	добывает | древние | завоевывает
XXVIII	san	san	155	3542	редкое	2	Aṣṭādhyāyī	Aṣṭādhyāyī, 7, 2	Aṣṭādhyāyī, 7, 2, 74	sani	smipūṅrañjvaśāṃ sani	добывает | древние | завоевывает
XXVIII	san	san	155	3542	редкое	3	Kāṭhakasaṃhitā	KS, 14, 5	KS, 14, 5, 49	sanoti	anṛtena hi sa sanoti	добывает | древние | завоевывает
XXVIII	san	san	155	3542	редкое	4	Ṛgveda	ṚV, 2, 23	ṚV, 2, 23, None	sanitā	sanitā dhanam dhanam	добывает | древние | завоевывает
XXVIII	san	san	155	3542	редкое	5	Ṛgveda	ṚV, 6, 54	ṚV, 6, 54, 5.2	sanotu	pūṣā vājaṃ sanotu naḥ	добывает | древние | завоевывает
XXVIII	san	san	155	3542	редкое	6	Ṛgveda	ṚV, 8, 28	ṚV, 8, 28, 1.2	asanan	vidann aha dvitāsanan	добывает | древние | завоевывает
XXVIII	san	san	155	3542	редкое	7	Ṛgveda	ṚV, 8, 68	ṚV, 8, 68, 17.2	sanam	sacā pūtakratau sanam	добывает | древние | завоевывает
XXVIII	san	san	155	3542	редкое	8	Ṛgveda	ṚV, 9, 9	ṚV, 9, 9, 9.2	sanā	sanā medhāṃ sanā svaḥ	добывает | древние | завоевывает
XXVIII	pat	pat	2775	211	топ-1000	1	Hitopadeśa	Hitop, 2	Hitop, 2, 90.6	patitā	tatpāṇipatitā ghaṇṭā vānaraiḥ prāptā	упал | падали | упала
XXVIII	pat	pat	2775	211	топ-1000	2	Hitopadeśa	Hitop, 3	Hitop, 3, 4.17	patitā	atra marusthale patitā yūyaṃ kiṃ kurutha	упал | падали | упала
XXVIII	pat	pat	2775	211	топ-1000	3	Hitopadeśa	Hitop, 2	Hitop, 2, 16.4	patitasya	nimagnasya payorāśau parvatāt patitasya ca	упал | падали | упала
XXVIII	pat	pat	2775	211	топ-1000	4	Hitopadeśa	Hitop, 2	Hitop, 2, 155.3	patito	kiṃ karomi kva gacchāmi patito duḥkhasāgare	упал | падали | упала
XXVIII	pat	pat	2775	211	топ-1000	5	Hitopadeśa	Hitop, 4	Hitop, 4, 12.31	patitaḥ	sa supta iva vṛkṣāgrāt patitaḥ pratibudhyate	упал | падали | упала
XXVIII	pat	pat	2775	211	топ-1000	6	Hitopadeśa	Hitop, 1	Hitop, 1, 192.5	patito	sakhe śṛgāla kim adhunā vidheyam mahāpaṅke patito 'haṃ mriye	упал | падали | упала
XXVIII	pat	pat	2775	211	топ-1000	7	Hitopadeśa	Hitop, 1	Hitop, 1, 17.3	patitaṃ	taṃ paṅke patitaṃ dṛṣṭvā vyāghro 'vadata haha mahāpaṅke patito 'si	упал | падали | упала
XXVIII	pat	pat	2775	211	топ-1000	8	Hitopadeśa	Hitop, 2	Hitop, 2, 111.23	patitaḥ	tathā citratayāpy ahaṃ caraṇapadmena tāḍita āgatya svarāṣṭre patitaḥ	упал | падали | упала
XXXIV	rājan	rAjan	17082	23	топ-100	1	Hitopadeśa	Hitop, 3	Hitop, 3, 6	rājā	rājovāca katham etat	царь | царя | о царь
XXXIV	rājan	rAjan	17082	23	топ-100	2	Hitopadeśa	Hitop, 3	Hitop, 3, 24	rājā	rājovāca katham etat	царь | царя | о царь
XXXIV	rājan	rAjan	17082	23	топ-100	3	Hitopadeśa	Hitop, 3	Hitop, 3, 60	rājā	rājovāca katham etat	царь | царя | о царь
XXXIV	rājan	rAjan	17082	23	топ-100	4	Hitopadeśa	Hitop, 3	Hitop, 3, 102.9	rājā	rājāha kā te sāmagrī	царь | царя | о царь
XXXIV	rājan	rAjan	17082	23	топ-100	5	Hitopadeśa	Hitop, 3	Hitop, 3, 102.12	rājā	rājāha naitacchakyam	царь | царя | о царь
XXXIV	rājan	rAjan	17082	23	топ-100	6	Hitopadeśa	Hitop, 4	Hitop, 4, 27	rājā	rājovāca katham etat	царь | царя | о царь
XXXIV	rājan	rAjan	17082	23	топ-100	7	Hitopadeśa	Hitop, 4	Hitop, 4, 60	rājā	rājovāca katham etat	царь | царя | о царь
XXXIV	rājan	rAjan	17082	23	топ-100	8	Hitopadeśa	Hitop, 1	Hitop, 1, 1.2	rāja	bho rājaputrāḥ śṛṇuta	царь | царя | о царь
XXXIV	sakhi	saKi	834	875	топ-1000	1	Hitopadeśa	Hitop, 1	Hitop, 1, 75.2	sakhe	brūte ca sakhe snāyunirmitāḥ pāśāḥ	друг | друзья | друга
XXXIV	sakhi	saKi	834	875	топ-1000	2	Hitopadeśa	Hitop, 2	Hitop, 2, 154	sakhe	saṃjīvakenoktaṃ sakhe brūhi kim etat	друг | друзья | друга
XXXIV	sakhi	saKi	834	875	топ-1000	3	Hitopadeśa	Hitop, 2	Hitop, 2, 52	sakhe	karaṭako brūte sakhe tvaṃ sevānabhijñaḥ	друг | друзья | друга
XXXIV	sakhi	saKi	834	875	топ-1000	4	Hitopadeśa	Hitop, 1	Hitop, 1, 166	sakhe	tad atra sakhe daśāviśeṣe śāntiḥ karaṇīyā	друг | друзья | друга
XXXIV	sakhi	saKi	834	875	топ-1000	5	Hitopadeśa	Hitop, 1	Hitop, 1, 164	sakhe	tat sakhe sarvadā tvayā sotsāhena bhavitavyam	друг | друзья | друга
XXXIV	sakhi	saKi	834	875	топ-1000	6	Hitopadeśa	Hitop, 1	Hitop, 1, 56.15	sakhe	tau dṛṣṭvā kāko 'vadatsakhe citrāṅga ko 'yaṃ dvitīyaḥ	друг | друзья | друга
XXXIV	sakhi	saKi	834	875	топ-1000	7	Hitopadeśa	Hitop, 1	Hitop, 1, 39.5	sakhe	citragrīva uvāca sakhe hiraṇyaka katham asmān na sambhāṣase	друг | друзья | друга
XXXIV	sakhi	saKi	834	875	топ-1000	8	Hitopadeśa	Hitop, 1	Hitop, 1, 192.5	sakhe	sakhe śṛgāla kim adhunā vidheyam mahāpaṅke patito 'haṃ mriye	друг | друзья | друга
XXXIV	pathin	paTin	1005	698	топ-1000	1	Hitopadeśa	Hitop, 2	Hitop, 2, 124.20	panthānaḥ	śivās te santu panthānaḥ	путь | пути | путем
XXXIV	pathin	paTin	1005	698	топ-1000	2	Hitopadeśa	Hitop, 2	Hitop, 2, 124.4	pathi	āgacchan pathi siṃhāntareṇa balād dhṛtaḥ	путь | пути | путем
XXXIV	pathin	paTin	1005	698	топ-1000	3	Hitopadeśa	Hitop, 4	Hitop, 4, 52.2	pathā	yenaiva gacchati pathā tenaivāśu vipadyate	путь | пути | путем
XXXIV	pathin	paTin	1005	698	топ-1000	4	Hitopadeśa	Hitop, 1	Hitop, 1, 150.3	panthānam	tadadho nilayaṃ gantuṃ cakre panthānam agrataḥ	путь | пути | путем
XXXIV	pathin	paTin	1005	698	топ-1000	5	Manusmṛti	ManuS, 9	ManuS, 9, 271	pathi	grāmaghāte hitābhaṅge pathi moṣābhidarśane	путь | пути | путем
XXXIV	pathin	paTin	1005	698	топ-1000	6	Manusmṛti	ManuS, 8	ManuS, 8, 228.2	pathi	tam anena vidhānena dharmye pathi niveśayet	путь | пути | путем
XXXIV	pathin	paTin	1005	698	топ-1000	7	Manusmṛti	ManuS, 4	ManuS, 4, 90	panthānaṃ	lohaśaṅkum ṛjīṣaṃ ca panthānaṃ śālmalīṃ nadīm	путь | пути | путем
XXXIV	pathin	paTin	1005	698	топ-1000	8	Manusmṛti	ManuS, 8	ManuS, 8, 275.2	panthānaṃ	ākṣārayañśataṃ dāpyaḥ panthānaṃ cādadad guroḥ	путь | пути | путем
XXXIV	apatha	apaTa	13	15149	редкое	1	Hitopadeśa	Hitop, 3	Hitop, 3, 125.10	apatha	yaḥ kākiṇīm apy apathaprapannāṃ samuddharen niṣkasahasratulyām	ложный путь | бездорожье | нет пути
XXXIV	apatha	apaTa	13	15149	редкое	2	Atharvaveda (Śaunaka)	AVŚ, 6, 73	AVŚ, 6, 73, None	apatham	pūṣā parastāt apatham vaḥ kṛṇotu	ложный путь | бездорожье | нет пути
XXXIV	apatha	apaTa	13	15149	редкое	3	Taittirīyasaṃhitā	TS, 2, 2, 2	TS, 2, 2, 2, 1.4	apathāt	sa evainam apathāt panthām apinayati	ложный путь | бездорожье | нет пути
XXXIV	apatha	apaTa	13	15149	редкое	4	Matsyapurāṇa	MPur, 114	MPur, 114, 55.2	apathāḥ	nirāhārāḥ sarvagāśca kupathā apathāstathā	ложный путь | бездорожье | нет пути
XXXIV	apatha	apaTa	13	15149	редкое	5	Amarakośa	AKośa, 2	AKośa, 2, 18	apathaṃ	apanthās tv apathaṃ tulye śṛṅgāṭakacatuṣpathe	ложный путь | бездорожье | нет пути
XXXIV	apatha	apaTa	13	15149	редкое	6	Kirātārjunīya	Kir, 13	Kir, 13, 64.2	apathe	āpad ety ubhayalokadūṣaṇī vartamānam apathe hi durmatim	ложный путь | бездорожье | нет пути
XXXIV	apatha	apaTa	13	15149	редкое	7	Kirātārjunīya	Kir, 13	Kir, 13, 43	apathān	ākumāram upadeṣṭum icchavaḥ saṃnivṛttim apathān mahāpadaḥ	ложный путь | бездорожье | нет пути
XXXIV	apatha	apaTa	13	15149	редкое	8	Kirātārjunīya	Kir, 13	Kir, 13, 45.2	apathe	so 'yam ity anupapannasaṃśayaḥ kāritas tvam apathe padaṃ yayā	ложный путь | бездорожье | нет пути
XXXVIII	stu	stu	1522	432	топ-1000	1	Rāmāyaṇa	Rām, Yu, 60	Rām, Yu, 60, 12.2	stūyamāno	jagāma tridaśendrāriḥ stūyamāno niśācaraiḥ	восхвалять | восхвалителю | восхваляют
XXXVIII	stu	stu	1522	432	топ-1000	2	Rāmāyaṇa	Rām, Yu, 116	Rām, Yu, 116, 27.2	stūyamānasya	stūyamānasya rāmasya śuśruve madhuradhvaniḥ	восхвалять | восхвалителю | восхваляют
XXXVIII	stu	stu	1522	432	топ-1000	3	Rāmāyaṇa	Rām, Utt, 76	Rām, Utt, 76, 22.2	stūyamānaḥ	jagāma viṣṇur deveśaḥ stūyamānastriviṣṭapam	восхвалять | восхвалителю | восхваляют
XXXVIII	stu	stu	1522	432	топ-1000	4	Rāmāyaṇa	Rām, Ār, 15	Rām, Ār, 15, 38.2	stuvanti	stuvanti smoditaṃ sūryaṃ devatāś ca samāhitāḥ	восхвалять | восхвалителю | восхваляют
XXXVIII	stu	stu	1522	432	топ-1000	5	Rāmāyaṇa	Rām, Ay, 23	Rām, Ay, 23, 11.2	stuvanto	stuvanto nādya dṛśyante maṅgalaiḥ sūtamāgadhāḥ	восхвалять | восхвалителю | восхваляют
XXXVIII	stu	stu	1522	432	топ-1000	6	Rāmāyaṇa	Rām, Ay, 13	Rām, Ay, 13, 20	stuvantaṃ	stuvantaṃ taṃ tadā sūtaṃ sumantraṃ mantrakovidam	восхвалять | восхвалителю | восхваляют
XXXVIII	stu	stu	1522	432	топ-1000	7	Mahābhārata	MBh, 1, 73	MBh, 1, 73, 35.3	stūyamānasya	astotuḥ stūyamānasya duhitā devayānyasi	восхвалять | восхвалителю | восхваляют
XXXVIII	stu	stu	1522	432	топ-1000	8	Mahābhārata	MBh, 7, 60	MBh, 7, 60, 15.2	stūyamāno	stūyamāno jayāśībhir āruroha mahāratham	восхвалять | восхвалителю | восхваляют
XXXVIII	ru	ru	81	5464	редкое	1	Hitopadeśa	Hitop, 1	Hitop, 1, 82.2	rauti	prāk pādayoḥ patati khādati pṛṣṭhamāṃsaṃ karṇe phalaṃ kim api rauti śanair vicitram	взревел | взревели | прореви
XXXVIII	ru	ru	81	5464	редкое	2	Manusmṛti	ManuS, 4	ManuS, 4, 115.2	ruvati	śvakharoṣṭre ca ruvati paṅktau ca na paṭhed dvijaḥ	взревел | взревели | прореви
XXXVIII	ru	ru	81	5464	редкое	3	Rāmāyaṇa	Rām, Ay, 82	Rām, Ay, 82, 6.2	ruteṣu	pāṇḍurābhraprakāśeṣu śukasaṃgharuteṣu ca	взревел | взревели | прореви
XXXVIII	ru	ru	81	5464	редкое	4	Rāmāyaṇa	Rām, Utt, 34	Rām, Utt, 34, 22.2	ravamāṇā	mumokṣayiṣavo ghorā ravamāṇā hyabhidravan	взревел | взревели | прореви
XXXVIII	ru	ru	81	5464	редкое	5	Rāmāyaṇa	Rām, Bā, 2	Rām, Bā, 2, 11.2	rurāva	bhāryā tu nihataṃ dṛṣṭvā rurāva karuṇāṃ giram	взревел | взревели | прореви
XXXVIII	ru	ru	81	5464	редкое	6	Mahābhārata	MBh, 1, 107	MBh, 1, 107, 24.7	rurāva	rāsabhārāvasadṛśaṃ rurāva ca nanāda ca	взревел | взревели | прореви
XXXVIII	ru	ru	81	5464	редкое	7	Mahābhārata	MBh, 2, 40	MBh, 2, 40, 1.3	rurāva	rāsabhārāvasadṛśaṃ rurāva ca nanāda ca	взревел | взревели | прореви
XXXVIII	ru	ru	81	5464	редкое	8	Mahābhārata	MBh, 1, 138	MBh, 1, 138, 11	ruvanti	ete ruvanti madhuraṃ sārasā jalacāriṇaḥ	взревел | взревели | прореви
XLIII	gam	gam	15950	25	топ-100	1	Atharvaveda (Śaunaka)	AVŚ, 11, 3	AVŚ, 11, 3, 32.5	ajīgamam	tenainaṃ prāśiṣaṃ tenainam ajīgamam	отправился | ушел | ступай
XLIII	gam	gam	15950	25	топ-100	2	Atharvaveda (Śaunaka)	AVŚ, 11, 3	AVŚ, 11, 3, 35.5	ajīgamam	tenainaṃ prāśiṣaṃ tenainam ajīgamam	отправился | ушел | ступай
XLIII	gam	gam	15950	25	топ-100	3	Atharvaveda (Śaunaka)	AVŚ, 11, 3	AVŚ, 11, 3, 36.5	ajīgamam	tayainaṃ prāśiṣaṃ tayainam ajīgamam	отправился | ушел | ступай
XLIII	gam	gam	15950	25	топ-100	4	Atharvaveda (Śaunaka)	AVŚ, 11, 3	AVŚ, 11, 3, 39.5	ajīgamam	tenainaṃ prāśiṣaṃ tenainam ajīgamam	отправился | ушел | ступай
XLIII	gam	gam	15950	25	топ-100	5	Atharvaveda (Śaunaka)	AVŚ, 11, 3	AVŚ, 11, 3, 40.5	ajīgamam	tenainaṃ prāśiṣaṃ tenainam ajīgamam	отправился | ушел | ступай
XLIII	gam	gam	15950	25	топ-100	6	Atharvaveda (Śaunaka)	AVŚ, 11, 3	AVŚ, 11, 3, 41.5	ajīgamam	tenainaṃ prāśiṣaṃ tenainam ajīgamam	отправился | ушел | ступай
XLIII	gam	gam	15950	25	топ-100	7	Atharvaveda (Śaunaka)	AVŚ, 11, 3	AVŚ, 11, 3, 42.5	ajīgamam	tenainaṃ prāśiṣaṃ tenainam ajīgamam	отправился | ушел | ступай
XLIII	gam	gam	15950	25	топ-100	8	Atharvaveda (Śaunaka)	AVŚ, 11, 3	AVŚ, 11, 3, 43.5	ajīgamam	tenainaṃ prāśiṣaṃ tenainam ajīgamam	отправился | ушел | ступай
XLIV	yā	yA	5103	81	топ-100	1	Rāmāyaṇa	Rām, Utt, 20	Rām, Utt, 20, 25.2	yāsyāmi	kautūhalasamutpanno yāsyāmi yamasādanam	идут | идет | приезжайте
XLIV	yā	yA	5103	81	топ-100	2	Rāmāyaṇa	Rām, Ki, 16	Rām, Ki, 16, 18.2	yāsyati	mayā vegavimuktas te prāṇān ādāya yāsyati	идут | идет | приезжайте
XLIV	yā	yA	5103	81	топ-100	3	Rāmāyaṇa	Rām, Yu, 88	Rām, Yu, 88, 29.2	yāsyati	madbāhuparighotsṛṣṭā prāṇān ādāya yāsyati	идут | идет | приезжайте
XLIV	yā	yA	5103	81	топ-100	4	Rāmāyaṇa	Rām, Ay, 16	Rām, Ay, 16, 30.2	yāsyāmi	yāsyāmi bhava suprītā vanaṃ cīrajaṭādharaḥ	идут | идет | приезжайте
XLIV	yā	yA	5103	81	топ-100	5	Rāmāyaṇa	Rām, Yu, 39	Rām, Yu, 39, 9.2	yāsyāmi	katham āśvāsayiṣyāmi yadi yāsyāmi taṃ vinā	идут | идет | приезжайте
XLIV	yā	yA	5103	81	топ-100	6	Rāmāyaṇa	Rām, Utt, 30	Rām, Utt, 30, 39.2	yāsyasi	pāvitastena yajñena yāsyasi tridivaṃ tataḥ	идут | идет | приезжайте
XLIV	yā	yA	5103	81	топ-100	7	Rāmāyaṇa	Rām, Utt, 100	Rām, Utt, 100, 16.2	yāsyanti	lokān sāṃtānikān nāma yāsyantīme samāgatāḥ	идут | идет | приезжайте
XLIV	yā	yA	5103	81	топ-100	8	Rāmāyaṇa	Rām, Utt, 72	Rām, Utt, 72, 9.2	yāsyanti	mahatā pāṃsuvarṣeṇa nāśaṃ yāsyanti sarvaśaḥ	идут | идет | приезжайте
XLIV	dṛś	dfS	14755	27	топ-100	1	Rāmāyaṇa	Rām, Ār, 59	Rām, Ār, 59, 6.2	drakṣyati	paraloke mahārājo nūnaṃ drakṣyati me pitā	увидев | увидел | видя
XLIV	dṛś	dfS	14755	27	топ-100	2	Rāmāyaṇa	Rām, Su, 12	Rām, Su, 12, 41	drakṣyāmi	ito drakṣyāmi vaidehīṃ rāmadarśanalālasām	увидев | увидел | видя
XLIV	dṛś	dfS	14755	27	топ-100	3	Rāmāyaṇa	Rām, Yu, 61	Rām, Yu, 61, 30.2	drakṣyasi	kailāsaśikharaṃ cāpi drakṣyasyariniṣūdana	увидев | увидел | видя
XLIV	dṛś	dfS	14755	27	топ-100	4	Rāmāyaṇa	Rām, Ay, 48	Rām, Ay, 48, 35.2	drakṣyasi	vicaranti vanānteṣu tāni drakṣyasi rāghava	увидев | увидел | видя
XLIV	dṛś	dfS	14755	27	топ-100	5	Rāmāyaṇa	Rām, Ay, 77	Rām, Ay, 77, 8.2	drakṣyāmahe	kadā drakṣyāmahe rāmaṃ jagataḥ śokanāśanam	увидев | увидел | видя
XLIV	dṛś	dfS	14755	27	топ-100	6	Rāmāyaṇa	Rām, Ār, 7	Rām, Ār, 7, 15	drakṣyase	drakṣyase dṛṣṭiramyāṇi giriprasravaṇāni ca	увидев | увидел | видя
XLIV	dṛś	dfS	14755	27	топ-100	7	Rāmāyaṇa	Rām, Ay, 86	Rām, Ay, 86, 13.3	drakṣyasi	vāhayasva mahābhāga tato drakṣyasi rāghavam	увидев | увидел | видя
XLIV	dṛś	dfS	14755	27	топ-100	8	Rāmāyaṇa	Rām, Ār, 36	Rām, Ār, 36, 24.2	drakṣyasi	hataśeṣān aśaraṇān drakṣyasi tvaṃ niśācarān	увидев | увидел | видя
XLV	sic	sic	442	1563	редкое	1	Kathāsaritsāgara	KSS, 5, 3	KSS, 5, 3, 57.2	asicann	toyair jalastham asicann ārabdhajalakelayaḥ	излил | изливает | разливается
XLV	sic	sic	442	1563	редкое	2	Atharvaveda (Paippalāda)	AVP, 19, 26	AVP, 19, 26, 6.2	asican	maryādā brahmadevīr āyuṣyaṃ varca āsican	излил | изливает | разливается
XLV	sic	sic	442	1563	редкое	3	Atharvaveda (Paippalāda)	AVP, 19, 34	AVP, 19, 34, 1.2	asicam	ekām iva vraje gāṃ pari tvā varcasāsicam	излил | изливает | разливается
XLV	sic	sic	442	1563	редкое	4	Atharvaveda (Paippalāda)	AVP, 4, 2	AVP, 4, 2, 7	asicam	abhi tvā varcasāsicaṃ divyena payasā saha	излил | изливает | разливается
XLV	sic	sic	442	1563	редкое	5	Baudhāyanaśrautasūtra	BaudhŚS, 18, 17	BaudhŚS, 18, 17, 2	asicam	abhi tvā varcasāsicam divyena payasā saha	излил | изливает | разливается
XLV	sic	sic	442	1563	редкое	6	Saundarānanda	SaundĀ, 2	SaundĀ, 2, 24.2	asicat	adarśatsnigdhayā dṛṣṭyā ślakṣṇena vacasāsicat	излил | изливает | разливается
XLV	muc	muc	3213	162	топ-1000	1	Mahābhārata	MBh, 8, 51	MBh, 8, 51, 29.2	'mucat	hitvā nava gatīr duṣṭāḥ sa bāṇān vyāyato 'mucat	освобождается | освободится | освободишься
XLV	muc	muc	3213	162	топ-1000	2	Kathāsaritsāgara	KSS, 7, 9	KSS, 7, 9, 149.2	amucann	kajjalodgāramiṣato niḥśvāsān amucann iva	освобождается | освободится | освободишься
XLV	muc	muc	3213	162	топ-1000	3	Kathāsaritsāgara	KSS, 3, 5	KSS, 3, 5, 97.2	amucan	mātaṅgās tanmadavyājāt saptadhaivāmucann iva	освобождается | освободится | освободишься
XLV	muc	muc	3213	162	топ-1000	4	Bṛhatkathāślokasaṃgraha	BKŚS, 20	BKŚS, 20, 433.2	amucat	sthita evāmucat prāṇān paścāt kāyam apātayat	освобождается | освободится | освободишься
XLV	muc	muc	3213	162	топ-1000	5	Bṛhatkathāślokasaṃgraha	BKŚS, 18	BKŚS, 18, 251.2	amucad	praśaste tithinakṣatre bohittham amucad vaṇik	освобождается | освободится | освободишься
XLV	muc	muc	3213	162	топ-1000	6	Ṛgveda	ṚV, 10, 138	ṚV, 10, 138, 3	amucad	vi sūryo madhye amucad rathaṃ divo vidad dāsāya pratimānam āryaḥ	освобождается | освободится | освободишься
XLV	dā	dA	9987	43	топ-100	1	Manusmṛti	ManuS, 2	ManuS, 2, 114.2	adāḥ	asūyakāya māṃ mādās tathā syāṃ vīryavattamā	дает | дам | дай
XLV	dā	dA	9987	43	топ-100	2	Rāmāyaṇa	Rām, Su, 56	Rām, Su, 56, 81.2	adāt	aṅgulīyam abhijñānam adāt tubhyaṃ yaśasvini	дает | дам | дай
XLV	dā	dA	9987	43	топ-100	3	Mahābhārata	MBh, 3, 190	MBh, 3, 190, 39	adāt	athaināṃ rājñe pitādāt	дает | дам | дай
XLV	dā	dA	9987	43	топ-100	4	Mahābhārata	MBh, 1, 213	MBh, 1, 213, 48.4	adād	mahiṣīṇām adād bhūripayasām ayutadvayam	дает | дам | дай
XLV	dā	dA	9987	43	топ-100	5	Mahābhārata	MBh, 12, 137	MBh, 12, 137, 9	adāt	phalam ekaṃ sutāyādād rājaputrāya cāparam	дает | дам | дай
XLV	dā	dA	9987	43	топ-100	6	Mahābhārata	MBh, 1, 105	MBh, 1, 105, 7.39	adāt	ratnāni ca vicitrāṇi śalyāyādāt sahasraśaḥ	дает | дам | дай
XLV	dā	dA	9987	43	топ-100	7	Mahābhārata	MBh, 13, 62	MBh, 13, 62, 43.2	adām	nāradenaivam ukto 'ham adām annaṃ sadā nṛpa	дает | дам | дай
XLV	dā	dA	9987	43	топ-100	8	Mahābhārata	MBh, 14, 93	MBh, 14, 93, 74	adāt	gopradānasahasrāṇi dvijebhyo 'dānnṛgo nṛpaḥ	дает | дам | дай
управление	hu	hu	1652	395	топ-1000	1	Manusmṛti	ManuS, 4	ManuS, 4, 22.2	juhvati	anīhamānāḥ satatam indriyeṣv eva juhvati	жертвуют | совершают подношение | совершает
управление	hu	hu	1652	395	топ-1000	2	Manusmṛti	ManuS, 9	ManuS, 9, 315.2	hūyamānaś	hūyamānaś ca yajñeṣu bhūya evābhivardhate	жертвуют | совершают подношение | совершает
управление	hu	hu	1652	395	топ-1000	3	Manusmṛti	ManuS, 11	ManuS, 11, 120.2	juhuyāt	vātendraguruvahnīnāṃ juhuyāt sarpiṣāhutīḥ	жертвуют | совершают подношение | совершает
управление	hu	hu	1652	395	топ-1000	4	Manusmṛti	ManuS, 2	ManuS, 2, 106.2	hutam	brahmāhutihutaṃ puṇyam anadhyāyavaṣaṭkṛtam	жертвуют | совершают подношение | совершает
управление	hu	hu	1652	395	топ-1000	5	Manusmṛti	ManuS, 3	ManuS, 3, 98	hutaṃ	vidyātapaḥsamṛddheṣu hutaṃ vipramukhāgniṣu	жертвуют | совершают подношение | совершает
управление	hu	hu	1652	395	топ-1000	6	Manusmṛti	ManuS, 4	ManuS, 4, 146.2	juhvatāṃ	japatāṃ juhvatāṃ caiva vinipāto na vidyate	жертвуют | совершают подношение | совершает
управление	hu	hu	1652	395	топ-1000	7	Manusmṛti	ManuS, 6	ManuS, 6, 34	huta	āśramād āśramaṃ gatvā hutahomo jitendriyaḥ	жертвуют | совершают подношение | совершает
управление	hu	hu	1652	395	топ-1000	8	Manusmṛti	ManuS, 3	ManuS, 3, 73	hutaṃ	ahutaṃ ca hutaṃ caiva tathā prahutam eva ca	жертвуют | совершают подношение | совершает
управление	ah	ah	5988	69	топ-100	1	Hitopadeśa	Hitop, 3	Hitop, 3, 102.9	āha	rājāha kā te sāmagrī	сказал | говорят | называют
управление	ah	ah	5988	69	топ-100	2	Hitopadeśa	Hitop, 3	Hitop, 3, 102.12	āha	rājāha naitacchakyam	сказал | говорят | называют
управление	ah	ah	5988	69	топ-100	3	Hitopadeśa	Hitop, 3	Hitop, 3, 142.13	āha	rājāha satyam evaitat	сказал | говорят | называют
управление	ah	ah	5988	69	топ-100	4	Hitopadeśa	Hitop, 4	Hitop, 4, 19.4	āhuḥ	matsyā āhuḥ evam astu	сказал | говорят | называют
управление	ah	ah	5988	69	топ-100	5	Hitopadeśa	Hitop, 1	Hitop, 1, 57	āhatuḥ	tau āhatuḥ katham etat	сказал | говорят | называют
управление	ah	ah	5988	69	топ-100	6	Hitopadeśa	Hitop, 1	Hitop, 1, 158	āhatuḥ	tāv āhatuḥ katham etat	сказал | говорят | называют
управление	ah	ah	5988	69	топ-100	7	Hitopadeśa	Hitop, 2	Hitop, 2, 66.8	āha	rājāha cirād dṛṣṭo 'si	сказал | говорят | называют
управление	ah	ah	5988	69	топ-100	8	Hitopadeśa	Hitop, 2	Hitop, 2, 89.3	āha	rājāha tvayā sa dṛṣṭaḥ	сказал | говорят | называют
управление	grah	grah	4310	100	топ-100	1	Hitopadeśa	Hitop, 3	Hitop, 3, 103.5	gṛhyatām	gṛhyatām ayam upahāraḥ	взяв | схватил | взял
управление	grah	grah	4310	100	топ-100	2	Hitopadeśa	Hitop, 0	Hitop, 0, 3.2	gṛhīta	gṛhīta iva keśeṣu mṛtyunā dharmamācaret	взяв | схватил | взял
управление	grah	grah	4310	100	топ-100	3	Hitopadeśa	Hitop, 3	Hitop, 3, 37	gṛhītvā	sa ca dvitīyaṃ viśvāsapātraṃ gṛhītvā yātu	взяв | схватил | взял
управление	grah	grah	4310	100	топ-100	4	Hitopadeśa	Hitop, 3	Hitop, 3, 58.3	gṛhṇīyāt	gṛhṇīyāt taṃ vinā tena vyañjanaṃ gomayāyate	взяв | схватил | взял
управление	grah	grah	4310	100	топ-100	5	Hitopadeśa	Hitop, 2	Hitop, 2, 79.2	gṛhītavyaṃ	bālād api gṛhītavyaṃ yuktam uktaṃ manīṣibhiḥ	взяв | схватил | взял
управление	grah	grah	4310	100	топ-100	6	Hitopadeśa	Hitop, 2	Hitop, 2, 148.4	gṛhṇāti	sa mṛtyur eva gṛhṇāti garbham aśvatarī yathā	взяв | схватил | взял
управление	grah	grah	4310	100	топ-100	7	Hitopadeśa	Hitop, 4	Hitop, 4, 112.8	gṛhṇīyāt	lubdham arthena gṛhṇīyāt stabdham añjalikarmaṇā	взяв | схватил | взял
управление	grah	grah	4310	100	топ-100	8	Hitopadeśa	Hitop, 1	Hitop, 1, 17	gṛhāṇa	tad atra sarasi snātvā suvarṇakaṅkaṇam idaṃ gṛhāṇa	взяв | схватил | взял
управление	pā	pA	4243	101	топ-1000	1	Hitopadeśa	Hitop, 0	Hitop, 0, 29.3	pīyate	iti cintāviṣaghno 'yam agadaḥ kiṃ na pīyate	Защищайте | пей | Пей
управление	pā	pA	4243	101	топ-1000	2	Hitopadeśa	Hitop, 2	Hitop, 2, 146.3	pibati	kṣipram akriyamāṇasya kālaḥ pibati tadrasam	Защищайте | пей | Пей
управление	pā	pA	4243	101	топ-1000	3	Hitopadeśa	Hitop, 4	Hitop, 4, 10.7	pīyate	iti cintāviṣaghno 'yam agadaḥ kiṃ na pīyate	Защищайте | пей | Пей
управление	pā	pA	4243	101	топ-1000	4	Hitopadeśa	Hitop, 4	Hitop, 4, 102.9	pibati	kṣipram akriyamāṇasya kālaḥ pibati tadrasam	Защищайте | пей | Пей
управление	pā	pA	4243	101	топ-1000	5	Hitopadeśa	Hitop, 2	Hitop, 2, 80.6	pītvā	udakārthī svāmī pānīyam apītvā kim iti vismita iva tiṣṭhati	Защищайте | пей | Пей
управление	pā	pA	4243	101	топ-1000	6	Hitopadeśa	Hitop, 2	Hitop, 2, 20	pātuṃ	sa caikadā pipāsākulitaḥ pānīyaṃ pātuṃ yamunākaccham agacchat	Защищайте | пей | Пей
управление	pā	pA	4243	101	топ-1000	7	Manusmṛti	ManuS, 3	ManuS, 3, 19	pītasya	vṛṣalīphenapītasya niḥśvāsopahatasya ca	Защищайте | пей | Пей
управление	pā	pA	4243	101	топ-1000	8	Manusmṛti	ManuS, 11	ManuS, 11, 7.2	pātum	adhikaṃ vāpi vidyeta sa somaṃ pātum arhati	Защищайте | пей | Пей
управление	dhā	DA	2272	283	топ-1000	1	Hitopadeśa	Hitop, 0	Hitop, 0, 40.4	dhatte	kācaḥ kāñcanasaṃsargād dhatte mārakatīr dyutīḥ	дай | дайте | поставили
управление	dhā	DA	2272	283	топ-1000	2	Hitopadeśa	Hitop, 2	Hitop, 2, 157	dhatte	kaścid āśrayasaundaryād dhatte śobhām asajjanaḥ	дай | дайте | поставили
управление	dhā	DA	2272	283	топ-1000	3	Manusmṛti	ManuS, 4	ManuS, 4, 59	dhayantīṃ	na vārayed gāṃ dhayantīṃ na cācakṣīta kasyacit	дай | дайте | поставили
управление	dhā	DA	2272	283	топ-1000	4	Rāmāyaṇa	Rām, Utt, 94	Rām, Utt, 94, 11.2	'dadhāḥ	rāvaṇasya vadhākāṅkṣī mānuṣeṣu mano 'dadhāḥ	дай | дайте | поставили
управление	dhā	DA	2272	283	топ-1000	5	Rāmāyaṇa	Rām, Yu, 84	Rām, Yu, 84, 17.2	dadhe	cukrodha ca mahākrodho vadhe cāsya mano dadhe	дай | дайте | поставили
управление	dhā	DA	2272	283	топ-1000	6	Rāmāyaṇa	Rām, Ay, 23	Rām, Ay, 23, 12.2	dadhati	mūrdhni mūrdhāvasiktasya dadhati sma vidhānataḥ	дай | дайте | поставили
управление	dhā	DA	2272	283	топ-1000	7	Rāmāyaṇa	Rām, Ay, 67	Rām, Ay, 67, 3	adadhāḥ	duḥkhe me duḥkham akaror vraṇe kṣāram ivādadhāḥ	дай | дайте | поставили
управление	dhā	DA	2272	283	топ-1000	8	Rāmāyaṇa	Rām, Ay, 31	Rām, Ay, 31, 35	dhīyate	na me tathā pārthiva dhīyate mano mahatsu kāmeṣu na cātmanaḥ priye	дай | дайте | поставили
