lemma_slp1	model	gender	cell	rule_form_vidyut	fact_mwinflect_csl	natva_only_diff_reverified	rule_class	hyphenated_stem_key2	final_member_mono	r_trigger_in_final_member	r_trigger_in_prefix	in_mwinflect6_818_list	raw_calc_line_check	shatva_loc_pl_in_table	shatva_loc_pl_form	dcs_rows_rule_R_form	dcs_rows_fact_n_form
SatruGna	m_a	m	acc.du	SatruGRO	SatruGnO	yes	A_compound_mono_final_8_4_12	Satru-Gna	true	false	true	true	yes	z-applied	SatruGnezu	0	1
SatruGna	m_a	m	instr.pl	SatruGREH	SatruGnEH	yes	A_compound_mono_final_8_4_12	Satru-Gna	true	false	true	true	yes	z-applied	SatruGnezu	0	1
SatruGna	m_a	m	instr.sg	SatruGRena	SatruGnena	yes	A_compound_mono_final_8_4_12	Satru-Gna	true	false	true	true	yes	z-applied	SatruGnezu	0	1
SatruGna	m_a	m	loc.sg	SatruGRe	SatruGne	yes	A_compound_mono_final_8_4_12	Satru-Gna	true	false	true	true	yes	z-applied	SatruGnezu	0	1
SatruGna	m_a	m	nom.du	SatruGRO	SatruGnO	yes	A_compound_mono_final_8_4_12	Satru-Gna	true	false	true	true	yes	z-applied	SatruGnezu	0	1
SatruGna	m_a	m	voc.du	SatruGRO	SatruGnO	yes	A_compound_mono_final_8_4_12	Satru-Gna	true	false	true	true	yes	z-applied	SatruGnezu	0	1
SatruGna	n_a	n	acc.du	SatruGRe	SatruGne	yes	A_compound_mono_final_8_4_12	Satru-Gna	true	false	true	true	yes	z-applied	SatruGnezu	0	1
SatruGna	n_a	n	instr.pl	SatruGREH	SatruGnEH	yes	A_compound_mono_final_8_4_12	Satru-Gna	true	false	true	true	yes	z-applied	SatruGnezu	0	1
SatruGna	n_a	n	instr.sg	SatruGRena	SatruGnena	yes	A_compound_mono_final_8_4_12	Satru-Gna	true	false	true	true	yes	z-applied	SatruGnezu	0	1
SatruGna	n_a	n	loc.sg	SatruGRe	SatruGne	yes	A_compound_mono_final_8_4_12	Satru-Gna	true	false	true	true	yes	z-applied	SatruGnezu	0	1
SatruGna	n_a	n	nom.du	SatruGRe	SatruGne	yes	A_compound_mono_final_8_4_12	Satru-Gna	true	false	true	true	yes	z-applied	SatruGnezu	0	1
SatruGna	n_a	n	voc.du	SatruGRe	SatruGne	yes	A_compound_mono_final_8_4_12	Satru-Gna	true	false	true	true	yes	z-applied	SatruGnezu	0	1
antarAya	m_a	m	gen.pl	antarAyARAm	antarAyAnAm	yes	B_key2_split	antar-Aya	false	false	true	true	yes	z-applied	antarAyezu	1	0
antarAya	m_a	m	instr.sg	antarAyeRa	antarAyena	yes	B_key2_split	antar-Aya	false	false	true	true	yes	z-applied	antarAyezu	1	0
antaryAmin	m_in	m	abl.sg	antaryAmiRaH	antaryAminaH	yes	B_key2_split	antar-yAmin	false	false	true	false	yes	z-applied	antaryAmizu	0	0
antaryAmin	m_in	m	acc.du	antaryAmiRO	antaryAminO	yes	B_key2_split	antar-yAmin	false	false	true	false	yes	z-applied	antaryAmizu	0	0
antaryAmin	m_in	m	acc.pl	antaryAmiRaH	antaryAminaH	yes	B_key2_split	antar-yAmin	false	false	true	false	yes	z-applied	antaryAmizu	0	0
antaryAmin	m_in	m	acc.sg	antaryAmiRam	antaryAminam	yes	B_key2_split	antar-yAmin	false	false	true	false	yes	z-applied	antaryAmizu	1	0
antaryAmin	m_in	m	dat.sg	antaryAmiRe	antaryAmine	yes	B_key2_split	antar-yAmin	false	false	true	false	yes	z-applied	antaryAmizu	0	0
antaryAmin	m_in	m	gen.du	antaryAmiRoH	antaryAminoH	yes	B_key2_split	antar-yAmin	false	false	true	false	yes	z-applied	antaryAmizu	0	0
antaryAmin	m_in	m	gen.pl	antaryAmiRAm	antaryAminAm	yes	B_key2_split	antar-yAmin	false	false	true	false	yes	z-applied	antaryAmizu	0	0
antaryAmin	m_in	m	gen.sg	antaryAmiRaH	antaryAminaH	yes	B_key2_split	antar-yAmin	false	false	true	false	yes	z-applied	antaryAmizu	0	0
antaryAmin	m_in	m	instr.sg	antaryAmiRA	antaryAminA	yes	B_key2_split	antar-yAmin	false	false	true	false	yes	z-applied	antaryAmizu	0	0
antaryAmin	m_in	m	loc.du	antaryAmiRoH	antaryAminoH	yes	B_key2_split	antar-yAmin	false	false	true	false	yes	z-applied	antaryAmizu	0	0
antaryAmin	m_in	m	loc.sg	antaryAmiRi	antaryAmini	yes	B_key2_split	antar-yAmin	false	false	true	false	yes	z-applied	antaryAmizu	1	0
antaryAmin	m_in	m	nom.du	antaryAmiRO	antaryAminO	yes	B_key2_split	antar-yAmin	false	false	true	false	yes	z-applied	antaryAmizu	0	0
antaryAmin	m_in	m	nom.pl	antaryAmiRaH	antaryAminaH	yes	B_key2_split	antar-yAmin	false	false	true	false	yes	z-applied	antaryAmizu	0	0
antaryAmin	m_in	m	voc.du	antaryAmiRO	antaryAminO	yes	B_key2_split	antar-yAmin	false	false	true	false	yes	z-applied	antaryAmizu	0	0
antaryAmin	m_in	m	voc.pl	antaryAmiRaH	antaryAminaH	yes	B_key2_split	antar-yAmin	false	false	true	false	yes	z-applied	antaryAmizu	0	0
cakravAka	m_a	m	gen.pl	cakravAkARAm	cakravAkAnAm	yes	B_key2_split	cakra-vAka	false	false	true	true	yes	z-applied	cakravAkezu	1	0
cakravAka	m_a	m	instr.sg	cakravAkeRa	cakravAkena	yes	B_key2_split	cakra-vAka	false	false	true	true	yes	z-applied	cakravAkezu	1	0
caturaNga	m_a	m	gen.pl	caturaNgARAm	caturaNgAnAm	yes	B_key2_split	catur-aNga	false	false	true	true	yes	z-applied	caturaNgezu	0	0
caturaNga	m_a	m	instr.sg	caturaNgeRa	caturaNgena	yes	B_key2_split	catur-aNga	false	false	true	true	yes	z-applied	caturaNgezu	1	1
caturaNga	n_a	n	acc.pl	caturaNgARi	caturaNgAni	yes	B_key2_split	catur-aNga	false	false	true	true	yes	z-applied	caturaNgezu	0	0
caturaNga	n_a	n	gen.pl	caturaNgARAm	caturaNgAnAm	yes	B_key2_split	catur-aNga	false	false	true	true	yes	z-applied	caturaNgezu	0	0
caturaNga	n_a	n	instr.sg	caturaNgeRa	caturaNgena	yes	B_key2_split	catur-aNga	false	false	true	true	yes	z-applied	caturaNgezu	1	1
caturaNga	n_a	n	nom.pl	caturaNgARi	caturaNgAni	yes	B_key2_split	catur-aNga	false	false	true	true	yes	z-applied	caturaNgezu	0	0
caturaNga	n_a	n	voc.pl	caturaNgARi	caturaNgAni	yes	B_key2_split	catur-aNga	false	false	true	true	yes	z-applied	caturaNgezu	0	0
caturmuKa	m_a	m	gen.pl	caturmuKARAm	caturmuKAnAm	yes	B_key2_split	catur-muKa	false	false	true	true	yes	z-applied	caturmuKezu	0	0
caturmuKa	m_a	m	instr.sg	caturmuKeRa	caturmuKena	yes	B_key2_split	catur-muKa	false	false	true	true	yes	z-applied	caturmuKezu	1	1
caturmuKa	n_a	n	acc.pl	caturmuKARi	caturmuKAni	yes	B_key2_split	catur-muKa	false	false	true	true	yes	z-applied	caturmuKezu	0	0
caturmuKa	n_a	n	gen.pl	caturmuKARAm	caturmuKAnAm	yes	B_key2_split	catur-muKa	false	false	true	true	yes	z-applied	caturmuKezu	0	0
caturmuKa	n_a	n	instr.sg	caturmuKeRa	caturmuKena	yes	B_key2_split	catur-muKa	false	false	true	true	yes	z-applied	caturmuKezu	1	1
caturmuKa	n_a	n	nom.pl	caturmuKARi	caturmuKAni	yes	B_key2_split	catur-muKa	false	false	true	true	yes	z-applied	caturmuKezu	0	0
caturmuKa	n_a	n	voc.pl	caturmuKARi	caturmuKAni	yes	B_key2_split	catur-muKa	false	false	true	true	yes	z-applied	caturmuKezu	0	0
caturyuga	m_a	m	gen.pl	caturyugARAm	caturyugAnAm	yes	B_key2_split	catur-yuga	false	false	true	false	yes	z-applied	caturyugezu	1	0
caturyuga	m_a	m	instr.sg	caturyugeRa	caturyugena	yes	B_key2_split	catur-yuga	false	false	true	false	yes	z-applied	caturyugezu	0	0
caturyuga	n_a	n	acc.pl	caturyugARi	caturyugAni	yes	B_key2_split	catur-yuga	false	false	true	false	yes	z-applied	caturyugezu	1	0
caturyuga	n_a	n	gen.pl	caturyugARAm	caturyugAnAm	yes	B_key2_split	catur-yuga	false	false	true	false	yes	z-applied	caturyugezu	1	0
caturyuga	n_a	n	instr.sg	caturyugeRa	caturyugena	yes	B_key2_split	catur-yuga	false	false	true	false	yes	z-applied	caturyugezu	0	0
caturyuga	n_a	n	nom.pl	caturyugARi	caturyugAni	yes	B_key2_split	catur-yuga	false	false	true	false	yes	z-applied	caturyugezu	1	0
caturyuga	n_a	n	voc.pl	caturyugARi	caturyugAni	yes	B_key2_split	catur-yuga	false	false	true	false	yes	z-applied	caturyugezu	1	0
durBaga	m_a	m	gen.pl	durBagARAm	durBagAnAm	yes	B_key2_split	dur-Baga	false	false	true	false	yes	z-applied	durBagezu	1	0
durBaga	m_a	m	instr.sg	durBageRa	durBagena	yes	B_key2_split	dur-Baga	false	false	true	false	yes	z-applied	durBagezu	1	0
durBaga	n_a	n	acc.pl	durBagARi	durBagAni	yes	B_key2_split	dur-Baga	false	false	true	false	yes	z-applied	durBagezu	1	0
durBaga	n_a	n	gen.pl	durBagARAm	durBagAnAm	yes	B_key2_split	dur-Baga	false	false	true	false	yes	z-applied	durBagezu	1	0
durBaga	n_a	n	instr.sg	durBageRa	durBagena	yes	B_key2_split	dur-Baga	false	false	true	false	yes	z-applied	durBagezu	1	0
durBaga	n_a	n	nom.pl	durBagARi	durBagAni	yes	B_key2_split	dur-Baga	false	false	true	false	yes	z-applied	durBagezu	1	0
durBaga	n_a	n	voc.pl	durBagARi	durBagAni	yes	B_key2_split	dur-Baga	false	false	true	false	yes	z-applied	durBagezu	1	0
durgama	m_a	m	gen.pl	durgamARAm	durgamAnAm	yes	B_key2_split	dur-gama	false	false	true	true	yes	z-applied	durgamezu	1	0
durgama	m_a	m	instr.sg	durgameRa	durgamena	yes	B_key2_split	dur-gama	false	false	true	true	yes	z-applied	durgamezu	1	0
durgama	n_a	n	acc.pl	durgamARi	durgamAni	yes	B_key2_split	dur-gama	false	false	true	true	yes	z-applied	durgamezu	1	0
durgama	n_a	n	gen.pl	durgamARAm	durgamAnAm	yes	B_key2_split	dur-gama	false	false	true	true	yes	z-applied	durgamezu	1	0
durgama	n_a	n	instr.sg	durgameRa	durgamena	yes	B_key2_split	dur-gama	false	false	true	true	yes	z-applied	durgamezu	1	0
durgama	n_a	n	nom.pl	durgamARi	durgamAni	yes	B_key2_split	dur-gama	false	false	true	true	yes	z-applied	durgamezu	1	0
durgama	n_a	n	voc.pl	durgamARi	durgamAni	yes	B_key2_split	dur-gama	false	false	true	true	yes	z-applied	durgamezu	1	0
durmuKa	m_a	m	gen.pl	durmuKARAm	durmuKAnAm	yes	B_key2_split	dur-muKa	false	false	true	true	yes	z-applied	durmuKezu	1	0
durmuKa	m_a	m	instr.sg	durmuKeRa	durmuKena	yes	B_key2_split	dur-muKa	false	false	true	true	yes	z-applied	durmuKezu	1	1
durmuKa	n_a	n	acc.pl	durmuKARi	durmuKAni	yes	B_key2_split	dur-muKa	false	false	true	true	yes	z-applied	durmuKezu	1	0
durmuKa	n_a	n	gen.pl	durmuKARAm	durmuKAnAm	yes	B_key2_split	dur-muKa	false	false	true	true	yes	z-applied	durmuKezu	1	0
durmuKa	n_a	n	instr.sg	durmuKeRa	durmuKena	yes	B_key2_split	dur-muKa	false	false	true	true	yes	z-applied	durmuKezu	1	1
durmuKa	n_a	n	nom.pl	durmuKARi	durmuKAni	yes	B_key2_split	dur-muKa	false	false	true	true	yes	z-applied	durmuKezu	1	0
durmuKa	n_a	n	voc.pl	durmuKARi	durmuKAni	yes	B_key2_split	dur-muKa	false	false	true	true	yes	z-applied	durmuKezu	1	0
indragopa	m_a	m	gen.pl	indragopARAm	indragopAnAm	yes	B_key2_split	indra-gopa	false	false	true	true	yes	z-applied	indragopezu	0	0
indragopa	m_a	m	instr.sg	indragopeRa	indragopena	yes	B_key2_split	indra-gopa	false	false	true	true	yes	z-applied	indragopezu	0	0
indragopa	n_a	n	acc.pl	indragopARi	indragopAni	yes	B_key2_split	indra-gopa	false	false	true	true	yes	z-applied	indragopezu	0	0
indragopa	n_a	n	gen.pl	indragopARAm	indragopAnAm	yes	B_key2_split	indra-gopa	false	false	true	true	yes	z-applied	indragopezu	0	0
indragopa	n_a	n	instr.sg	indragopeRa	indragopena	yes	B_key2_split	indra-gopa	false	false	true	true	yes	z-applied	indragopezu	0	0
indragopa	n_a	n	nom.pl	indragopARi	indragopAni	yes	B_key2_split	indra-gopa	false	false	true	true	yes	z-applied	indragopezu	0	0
indragopa	n_a	n	voc.pl	indragopARi	indragopAni	yes	B_key2_split	indra-gopa	false	false	true	true	yes	z-applied	indragopezu	0	0
indrayava	n_a	n	acc.pl	indrayavARi	indrayavAni	yes	B_key2_split	indra-yava	false	false	true	false	yes	z-applied	indrayavezu	0	0
indrayava	n_a	n	gen.pl	indrayavARAm	indrayavAnAm	yes	B_key2_split	indra-yava	false	false	true	false	yes	z-applied	indrayavezu	0	0
indrayava	n_a	n	instr.sg	indrayaveRa	indrayavena	yes	B_key2_split	indra-yava	false	false	true	false	yes	z-applied	indrayavezu	0	0
indrayava	n_a	n	nom.pl	indrayavARi	indrayavAni	yes	B_key2_split	indra-yava	false	false	true	false	yes	z-applied	indrayavezu	0	0
indrayava	n_a	n	voc.pl	indrayavARi	indrayavAni	yes	B_key2_split	indra-yava	false	false	true	false	yes	z-applied	indrayavezu	0	0
nfpa	m_a	m	gen.pl	nfpARAm	nfpAnAm	yes	A_compound_mono_final_8_4_12	nf-pa	true	false	true	true	yes	z-applied	nfpezu	1	0
nfpa	m_a	m	instr.sg	nfpeRa	nfpena	yes	A_compound_mono_final_8_4_12	nf-pa	true	false	true	true	yes	z-applied	nfpezu	1	0
nirAmaya	m_a	m	gen.pl	nirAmayARAm	nirAmayAnAm	yes	B_key2_split	nir-Amaya	false	false	true	true	yes	z-applied	nirAmayezu	1	0
nirAmaya	m_a	m	instr.sg	nirAmayeRa	nirAmayena	yes	B_key2_split	nir-Amaya	false	false	true	true	yes	z-applied	nirAmayezu	1	0
nirAmaya	n_a	n	acc.pl	nirAmayARi	nirAmayAni	yes	B_key2_split	nir-Amaya	false	false	true	true	yes	z-applied	nirAmayezu	1	0
nirAmaya	n_a	n	gen.pl	nirAmayARAm	nirAmayAnAm	yes	B_key2_split	nir-Amaya	false	false	true	true	yes	z-applied	nirAmayezu	1	0
nirAmaya	n_a	n	instr.sg	nirAmayeRa	nirAmayena	yes	B_key2_split	nir-Amaya	false	false	true	true	yes	z-applied	nirAmayezu	1	0
nirAmaya	n_a	n	nom.pl	nirAmayARi	nirAmayAni	yes	B_key2_split	nir-Amaya	false	false	true	true	yes	z-applied	nirAmayezu	1	0
nirAmaya	n_a	n	voc.pl	nirAmayARi	nirAmayAni	yes	B_key2_split	nir-Amaya	false	false	true	true	yes	z-applied	nirAmayezu	1	0
nirBaya	m_a	m	gen.pl	nirBayARAm	nirBayAnAm	yes	B_key2_split	nir-Baya	false	false	true	true	yes	z-applied	nirBayezu	1	0
nirBaya	m_a	m	instr.sg	nirBayeRa	nirBayena	yes	B_key2_split	nir-Baya	false	false	true	true	yes	z-applied	nirBayezu	1	1
nirBaya	n_a	n	acc.pl	nirBayARi	nirBayAni	yes	B_key2_split	nir-Baya	false	false	true	true	yes	z-applied	nirBayezu	1	0
nirBaya	n_a	n	gen.pl	nirBayARAm	nirBayAnAm	yes	B_key2_split	nir-Baya	false	false	true	true	yes	z-applied	nirBayezu	1	0
nirBaya	n_a	n	instr.sg	nirBayeRa	nirBayena	yes	B_key2_split	nir-Baya	false	false	true	true	yes	z-applied	nirBayezu	1	1
nirBaya	n_a	n	nom.pl	nirBayARi	nirBayAni	yes	B_key2_split	nir-Baya	false	false	true	true	yes	z-applied	nirBayezu	1	0
nirBaya	n_a	n	voc.pl	nirBayARi	nirBayAni	yes	B_key2_split	nir-Baya	false	false	true	true	yes	z-applied	nirBayezu	1	0
nirUha	m_a	m	gen.pl	nirUhARAm	nirUhAnAm	yes	B_key2_split	nir-Uha	false	false	true	true	yes	z-applied	nirUhezu	1	0
nirUha	m_a	m	instr.sg	nirUheRa	nirUhena	yes	B_key2_split	nir-Uha	false	false	true	true	yes	z-applied	nirUhezu	1	0
nirUha	n_a	n	acc.pl	nirUhARi	nirUhAni	yes	B_key2_split	nir-Uha	false	false	true	true	yes	z-applied	nirUhezu	1	0
nirUha	n_a	n	gen.pl	nirUhARAm	nirUhAnAm	yes	B_key2_split	nir-Uha	false	false	true	true	yes	z-applied	nirUhezu	1	0
nirUha	n_a	n	instr.sg	nirUheRa	nirUhena	yes	B_key2_split	nir-Uha	false	false	true	true	yes	z-applied	nirUhezu	1	0
nirUha	n_a	n	nom.pl	nirUhARi	nirUhAni	yes	B_key2_split	nir-Uha	false	false	true	true	yes	z-applied	nirUhezu	1	0
nirUha	n_a	n	voc.pl	nirUhARi	nirUhAni	yes	B_key2_split	nir-Uha	false	false	true	true	yes	z-applied	nirUhezu	1	0
niraya	m_a	m	gen.pl	nirayARAm	nirayAnAm	yes	B_key2_split	nir-aya	false	false	true	true	yes	z-applied	nirayezu	1	0
niraya	m_a	m	instr.sg	nirayeRa	nirayena	yes	B_key2_split	nir-aya	false	false	true	true	yes	z-applied	nirayezu	1	0
nirgama	m_a	m	gen.pl	nirgamARAm	nirgamAnAm	yes	B_key2_split	nir-gama	false	false	true	true	yes	z-applied	nirgamezu	1	0
nirgama	m_a	m	instr.sg	nirgameRa	nirgamena	yes	B_key2_split	nir-gama	false	false	true	true	yes	z-applied	nirgamezu	1	0
nirmama	m_a	m	gen.pl	nirmamARAm	nirmamAnAm	yes	B_key2_split	nir-mama	false	false	true	true	yes	z-applied	nirmamezu	1	0
nirmama	m_a	m	instr.sg	nirmameRa	nirmamena	yes	B_key2_split	nir-mama	false	false	true	true	yes	z-applied	nirmamezu	1	0
nirmama	n_a	n	acc.pl	nirmamARi	nirmamAni	yes	B_key2_split	nir-mama	false	false	true	true	yes	z-applied	nirmamezu	1	0
nirmama	n_a	n	gen.pl	nirmamARAm	nirmamAnAm	yes	B_key2_split	nir-mama	false	false	true	true	yes	z-applied	nirmamezu	1	0
nirmama	n_a	n	instr.sg	nirmameRa	nirmamena	yes	B_key2_split	nir-mama	false	false	true	true	yes	z-applied	nirmamezu	1	0
nirmama	n_a	n	nom.pl	nirmamARi	nirmamAni	yes	B_key2_split	nir-mama	false	false	true	true	yes	z-applied	nirmamezu	1	0
nirmama	n_a	n	voc.pl	nirmamARi	nirmamAni	yes	B_key2_split	nir-mama	false	false	true	true	yes	z-applied	nirmamezu	1	0
niryUha	m_a	m	gen.pl	niryUhARAm	niryUhAnAm	yes	B_key2_split	nir-yUha	false	false	true	true	yes	z-applied	niryUhezu	0	0
niryUha	m_a	m	instr.sg	niryUheRa	niryUhena	yes	B_key2_split	nir-yUha	false	false	true	true	yes	z-applied	niryUhezu	0	1
niryUha	n_a	n	acc.pl	niryUhARi	niryUhAni	yes	B_key2_split	nir-yUha	false	false	true	true	yes	z-applied	niryUhezu	0	0
niryUha	n_a	n	gen.pl	niryUhARAm	niryUhAnAm	yes	B_key2_split	nir-yUha	false	false	true	true	yes	z-applied	niryUhezu	0	0
niryUha	n_a	n	instr.sg	niryUheRa	niryUhena	yes	B_key2_split	nir-yUha	false	false	true	true	yes	z-applied	niryUhezu	0	1
niryUha	n_a	n	nom.pl	niryUhARi	niryUhAni	yes	B_key2_split	nir-yUha	false	false	true	true	yes	z-applied	niryUhezu	0	0
niryUha	n_a	n	voc.pl	niryUhARi	niryUhAni	yes	B_key2_split	nir-yUha	false	false	true	true	yes	z-applied	niryUhezu	0	0
pAraga	m_a	m	gen.pl	pAragARAm	pAragAnAm	yes	A_compound_mono_final_8_4_12	pAra-ga	true	false	true	false	yes	z-applied	pAragezu	1	0
pAraga	m_a	m	instr.sg	pArageRa	pAragena	yes	A_compound_mono_final_8_4_12	pAra-ga	true	false	true	false	yes	z-applied	pAragezu	1	0
pAraga	n_a	n	acc.pl	pAragARi	pAragAni	yes	A_compound_mono_final_8_4_12	pAra-ga	true	false	true	false	yes	z-applied	pAragezu	1	0
pAraga	n_a	n	gen.pl	pAragARAm	pAragAnAm	yes	A_compound_mono_final_8_4_12	pAra-ga	true	false	true	false	yes	z-applied	pAragezu	1	0
pAraga	n_a	n	instr.sg	pArageRa	pAragena	yes	A_compound_mono_final_8_4_12	pAra-ga	true	false	true	false	yes	z-applied	pAragezu	1	0
pAraga	n_a	n	nom.pl	pAragARi	pAragAni	yes	A_compound_mono_final_8_4_12	pAra-ga	true	false	true	false	yes	z-applied	pAragezu	1	0
pAraga	n_a	n	voc.pl	pAragARi	pAragAni	yes	A_compound_mono_final_8_4_12	pAra-ga	true	false	true	false	yes	z-applied	pAragezu	1	0
parABava	m_a	m	gen.pl	parABavARAm	parABavAnAm	yes	B_key2_split	parA-Bava	false	false	true	true	yes	z-applied	parABavezu	1	0
parABava	m_a	m	instr.sg	parABaveRa	parABavena	yes	B_key2_split	parA-Bava	false	false	true	true	yes	z-applied	parABavezu	1	1
parANmuKa	m_a	m	gen.pl	parANmuKARAm	parANmuKAnAm	yes	B_key2_split	parAN-muKa	false	false	true	true	yes	z-applied	parANmuKezu	1	1
parANmuKa	m_a	m	instr.sg	parANmuKeRa	parANmuKena	yes	B_key2_split	parAN-muKa	false	false	true	true	yes	z-applied	parANmuKezu	1	1
parANmuKa	n_a	n	acc.pl	parANmuKARi	parANmuKAni	yes	B_key2_split	parAN-muKa	false	false	true	true	yes	z-applied	parANmuKezu	1	0
parANmuKa	n_a	n	gen.pl	parANmuKARAm	parANmuKAnAm	yes	B_key2_split	parAN-muKa	false	false	true	true	yes	z-applied	parANmuKezu	1	1
parANmuKa	n_a	n	instr.sg	parANmuKeRa	parANmuKena	yes	B_key2_split	parAN-muKa	false	false	true	true	yes	z-applied	parANmuKezu	1	1
parANmuKa	n_a	n	nom.pl	parANmuKARi	parANmuKAni	yes	B_key2_split	parAN-muKa	false	false	true	true	yes	z-applied	parANmuKezu	1	0
parANmuKa	n_a	n	voc.pl	parANmuKARi	parANmuKAni	yes	B_key2_split	parAN-muKa	false	false	true	true	yes	z-applied	parANmuKezu	1	0
pariBava	m_a	m	gen.pl	pariBavARAm	pariBavAnAm	yes	B_key2_split	pari-Bava	false	false	true	true	yes	z-applied	pariBavezu	1	0
pariBava	m_a	m	instr.sg	pariBaveRa	pariBavena	yes	B_key2_split	pari-Bava	false	false	true	true	yes	z-applied	pariBavezu	1	1
pariGa	m_a	m	gen.pl	pariGARAm	pariGAnAm	yes	A_compound_mono_final_8_4_12	pari-Ga	true	false	true	true	yes	z-applied	pariGezu	1	0
pariGa	m_a	m	instr.sg	pariGeRa	pariGena	yes	A_compound_mono_final_8_4_12	pari-Ga	true	false	true	true	yes	z-applied	pariGezu	1	1
pariGa	n_a	n	acc.pl	pariGARi	pariGAni	yes	A_compound_mono_final_8_4_12	pari-Ga	true	false	true	true	yes	z-applied	pariGezu	1	0
pariGa	n_a	n	gen.pl	pariGARAm	pariGAnAm	yes	A_compound_mono_final_8_4_12	pari-Ga	true	false	true	true	yes	z-applied	pariGezu	1	0
pariGa	n_a	n	instr.sg	pariGeRa	pariGena	yes	A_compound_mono_final_8_4_12	pari-Ga	true	false	true	true	yes	z-applied	pariGezu	1	1
pariGa	n_a	n	nom.pl	pariGARi	pariGAni	yes	A_compound_mono_final_8_4_12	pari-Ga	true	false	true	true	yes	z-applied	pariGezu	1	0
pariGa	n_a	n	voc.pl	pariGARi	pariGAni	yes	A_compound_mono_final_8_4_12	pari-Ga	true	false	true	true	yes	z-applied	pariGezu	1	0
paripakva	m_a	m	gen.pl	paripakvARAm	paripakvAnAm	yes	B_key2_split	pari-pakva	false	false	true	false	yes	z-applied	paripakvezu	0	0
paripakva	m_a	m	instr.sg	paripakveRa	paripakvena	yes	B_key2_split	pari-pakva	false	false	true	false	yes	z-applied	paripakvezu	0	0
paripakva	n_a	n	acc.pl	paripakvARi	paripakvAni	yes	B_key2_split	pari-pakva	false	false	true	false	yes	z-applied	paripakvezu	0	1
paripakva	n_a	n	gen.pl	paripakvARAm	paripakvAnAm	yes	B_key2_split	pari-pakva	false	false	true	false	yes	z-applied	paripakvezu	0	0
paripakva	n_a	n	instr.sg	paripakveRa	paripakvena	yes	B_key2_split	pari-pakva	false	false	true	false	yes	z-applied	paripakvezu	0	0
paripakva	n_a	n	nom.pl	paripakvARi	paripakvAni	yes	B_key2_split	pari-pakva	false	false	true	false	yes	z-applied	paripakvezu	0	1
paripakva	n_a	n	voc.pl	paripakvARi	paripakvAni	yes	B_key2_split	pari-pakva	false	false	true	false	yes	z-applied	paripakvezu	0	1
paryAya	m_a	m	gen.pl	paryAyARAm	paryAyAnAm	yes	B_key2_split	pary-Aya	false	false	true	true	yes	z-applied	paryAyezu	1	0
paryAya	m_a	m	instr.sg	paryAyeRa	paryAyena	yes	B_key2_split	pary-Aya	false	false	true	true	yes	z-applied	paryAyezu	1	0
paryaNka	m_a	m	gen.pl	paryaNkARAm	paryaNkAnAm	yes	B_key2_split	pary-aNka	false	false	true	true	yes	z-applied	paryaNkezu	1	0
paryaNka	m_a	m	instr.sg	paryaNkeRa	paryaNkena	yes	B_key2_split	pary-aNka	false	false	true	true	yes	z-applied	paryaNkezu	1	1
paryaya	m_a	m	gen.pl	paryayARAm	paryayAnAm	yes	B_key2_split	pary-aya	false	false	true	true	yes	z-applied	paryayezu	1	0
paryaya	m_a	m	instr.sg	paryayeRa	paryayena	yes	B_key2_split	pary-aya	false	false	true	true	yes	z-applied	paryayezu	1	0
prANmuKa	m_a	m	gen.pl	prANmuKARAm	prANmuKAnAm	yes	B_key2_split	prAN-muKa	false	false	true	false	yes	z-applied	prANmuKezu	0	0
prANmuKa	m_a	m	instr.sg	prANmuKeRa	prANmuKena	yes	B_key2_split	prAN-muKa	false	false	true	false	yes	z-applied	prANmuKezu	0	0
prANmuKa	n_a	n	acc.pl	prANmuKARi	prANmuKAni	yes	B_key2_split	prAN-muKa	false	false	true	false	yes	z-applied	prANmuKezu	0	0
prANmuKa	n_a	n	gen.pl	prANmuKARAm	prANmuKAnAm	yes	B_key2_split	prAN-muKa	false	false	true	false	yes	z-applied	prANmuKezu	0	0
prANmuKa	n_a	n	instr.sg	prANmuKeRa	prANmuKena	yes	B_key2_split	prAN-muKa	false	false	true	false	yes	z-applied	prANmuKezu	0	0
prANmuKa	n_a	n	nom.pl	prANmuKARi	prANmuKAni	yes	B_key2_split	prAN-muKa	false	false	true	false	yes	z-applied	prANmuKezu	0	0
prANmuKa	n_a	n	voc.pl	prANmuKARi	prANmuKAni	yes	B_key2_split	prAN-muKa	false	false	true	false	yes	z-applied	prANmuKezu	0	0
prAdurBAva	m_a	m	gen.pl	prAdurBAvARAm	prAdurBAvAnAm	yes	B_key2_split	prAdur-BAva	false	false	true	true	yes	z-applied	prAdurBAvezu	0	0
prAdurBAva	m_a	m	instr.sg	prAdurBAveRa	prAdurBAvena	yes	B_key2_split	prAdur-BAva	false	false	true	true	yes	z-applied	prAdurBAvezu	1	1
praBAva	m_a	m	gen.pl	praBAvARAm	praBAvAnAm	yes	B_key2_split	pra-BAva	false	false	true	false	yes	z-applied	praBAvezu	1	1
praBAva	m_a	m	instr.sg	praBAveRa	praBAvena	yes	B_key2_split	pra-BAva	false	false	true	false	yes	z-applied	praBAvezu	1	1
praBava	m_a	m	gen.pl	praBavARAm	praBavAnAm	yes	B_key2_split	pra-Bava	false	false	true	true	yes	z-applied	praBavezu	1	1
praBava	m_a	m	instr.sg	praBaveRa	praBavena	yes	B_key2_split	pra-Bava	false	false	true	true	yes	z-applied	praBavezu	1	1
praBava	n_a	n	acc.pl	praBavARi	praBavAni	yes	B_key2_split	pra-Bava	false	false	true	true	yes	z-applied	praBavezu	1	1
praBava	n_a	n	gen.pl	praBavARAm	praBavAnAm	yes	B_key2_split	pra-Bava	false	false	true	true	yes	z-applied	praBavezu	1	1
praBava	n_a	n	instr.sg	praBaveRa	praBavena	yes	B_key2_split	pra-Bava	false	false	true	true	yes	z-applied	praBavezu	1	1
praBava	n_a	n	nom.pl	praBavARi	praBavAni	yes	B_key2_split	pra-Bava	false	false	true	true	yes	z-applied	praBavezu	1	1
praBava	n_a	n	voc.pl	praBavARi	praBavAni	yes	B_key2_split	pra-Bava	false	false	true	true	yes	z-applied	praBavezu	1	1
praBu	f_u	f	gen.pl	praBURAm	praBUnAm	yes	A_compound_mono_final_8_4_12	pra-Bu	true	false	true	false	yes	z-applied	praBuzu	1	0
praBu	m_u	m	gen.pl	praBURAm	praBUnAm	yes	A_compound_mono_final_8_4_12	pra-Bu	true	false	true	false	yes	z-applied	praBuzu	1	0
praBu	m_u	m	instr.sg	praBuRA	praBunA	yes	A_compound_mono_final_8_4_12	pra-Bu	true	false	true	false	yes	z-applied	praBuzu	1	1
praBu	n_u	n	abl.sg	praBuRaH	praBunaH	yes	A_compound_mono_final_8_4_12	pra-Bu	true	false	true	false	yes	z-applied	praBuzu	0	0
praBu	n_u	n	acc.du	praBuRI	praBunI	yes	A_compound_mono_final_8_4_12	pra-Bu	true	false	true	false	yes	z-applied	praBuzu	1	0
praBu	n_u	n	acc.pl	praBURi	praBUni	yes	A_compound_mono_final_8_4_12	pra-Bu	true	false	true	false	yes	z-applied	praBuzu	1	0
praBu	n_u	n	dat.sg	praBuRe	praBune	yes	A_compound_mono_final_8_4_12	pra-Bu	true	false	true	false	yes	z-applied	praBuzu	1	0
praBu	n_u	n	gen.du	praBuRoH	praBunoH	yes	A_compound_mono_final_8_4_12	pra-Bu	true	false	true	false	yes	z-applied	praBuzu	0	0
praBu	n_u	n	gen.pl	praBURAm	praBUnAm	yes	A_compound_mono_final_8_4_12	pra-Bu	true	false	true	false	yes	z-applied	praBuzu	1	0
praBu	n_u	n	gen.sg	praBuRaH	praBunaH	yes	A_compound_mono_final_8_4_12	pra-Bu	true	false	true	false	yes	z-applied	praBuzu	0	0
praBu	n_u	n	instr.sg	praBuRA	praBunA	yes	A_compound_mono_final_8_4_12	pra-Bu	true	false	true	false	yes	z-applied	praBuzu	1	1
praBu	n_u	n	loc.du	praBuRoH	praBunoH	yes	A_compound_mono_final_8_4_12	pra-Bu	true	false	true	false	yes	z-applied	praBuzu	0	0
praBu	n_u	n	loc.sg	praBuRi	praBuni	yes	A_compound_mono_final_8_4_12	pra-Bu	true	false	true	false	yes	z-applied	praBuzu	1	0
praBu	n_u	n	nom.du	praBuRI	praBunI	yes	A_compound_mono_final_8_4_12	pra-Bu	true	false	true	false	yes	z-applied	praBuzu	1	0
praBu	n_u	n	nom.pl	praBURi	praBUni	yes	A_compound_mono_final_8_4_12	pra-Bu	true	false	true	false	yes	z-applied	praBuzu	1	0
praBu	n_u	n	voc.du	praBuRI	praBunI	yes	A_compound_mono_final_8_4_12	pra-Bu	true	false	true	false	yes	z-applied	praBuzu	1	0
praBu	n_u	n	voc.pl	praBURi	praBUni	yes	A_compound_mono_final_8_4_12	pra-Bu	true	false	true	false	yes	z-applied	praBuzu	1	0
prahi	m_i	m	gen.pl	prahIRAm	prahInAm	yes	A_compound_mono_final_8_4_12	pra-hi	true	false	true	false	yes	z-applied	prahizu	0	0
prahi	m_i	m	instr.sg	prahiRA	prahinA	yes	A_compound_mono_final_8_4_12	pra-hi	true	false	true	false	yes	z-applied	prahizu	0	0
prahva	m_a	m	gen.pl	prahvARAm	prahvAnAm	yes	A_compound_mono_final_8_4_12	pra-hva	true	false	true	false	yes	z-applied	prahvezu	1	0
prahva	m_a	m	instr.sg	prahveRa	prahvena	yes	A_compound_mono_final_8_4_12	pra-hva	true	false	true	false	yes	z-applied	prahvezu	1	0
prahva	n_a	n	acc.pl	prahvARi	prahvAni	yes	A_compound_mono_final_8_4_12	pra-hva	true	false	true	false	yes	z-applied	prahvezu	1	0
prahva	n_a	n	gen.pl	prahvARAm	prahvAnAm	yes	A_compound_mono_final_8_4_12	pra-hva	true	false	true	false	yes	z-applied	prahvezu	1	0
prahva	n_a	n	instr.sg	prahveRa	prahvena	yes	A_compound_mono_final_8_4_12	pra-hva	true	false	true	false	yes	z-applied	prahvezu	1	0
prahva	n_a	n	nom.pl	prahvARi	prahvAni	yes	A_compound_mono_final_8_4_12	pra-hva	true	false	true	false	yes	z-applied	prahvezu	1	0
prahva	n_a	n	voc.pl	prahvARi	prahvAni	yes	A_compound_mono_final_8_4_12	pra-hva	true	false	true	false	yes	z-applied	prahvezu	1	0
prakopa	m_a	m	gen.pl	prakopARAm	prakopAnAm	yes	B_key2_split	pra-kopa	false	false	true	true	yes	z-applied	prakopezu	1	0
prakopa	m_a	m	instr.sg	prakopeRa	prakopena	yes	B_key2_split	pra-kopa	false	false	true	true	yes	z-applied	prakopezu	1	1
prameha	m_a	m	gen.pl	pramehARAm	pramehAnAm	yes	B_key2_split	pra-meha	false	false	true	true	yes	z-applied	pramehezu	1	1
prameha	m_a	m	instr.sg	prameheRa	pramehena	yes	B_key2_split	pra-meha	false	false	true	true	yes	z-applied	pramehezu	1	0
pramuKa	m_a	m	gen.pl	pramuKARAm	pramuKAnAm	yes	B_key2_split	pra-muKa	false	false	true	true	yes	z-applied	pramuKezu	1	1
pramuKa	m_a	m	instr.sg	pramuKeRa	pramuKena	yes	B_key2_split	pra-muKa	false	false	true	true	yes	z-applied	pramuKezu	1	1
pramuKa	n_a	n	acc.pl	pramuKARi	pramuKAni	yes	B_key2_split	pra-muKa	false	false	true	true	yes	z-applied	pramuKezu	1	1
pramuKa	n_a	n	gen.pl	pramuKARAm	pramuKAnAm	yes	B_key2_split	pra-muKa	false	false	true	true	yes	z-applied	pramuKezu	1	1
pramuKa	n_a	n	instr.sg	pramuKeRa	pramuKena	yes	B_key2_split	pra-muKa	false	false	true	true	yes	z-applied	pramuKezu	1	1
pramuKa	n_a	n	nom.pl	pramuKARi	pramuKAni	yes	B_key2_split	pra-muKa	false	false	true	true	yes	z-applied	pramuKezu	1	1
pramuKa	n_a	n	voc.pl	pramuKARi	pramuKAni	yes	B_key2_split	pra-muKa	false	false	true	true	yes	z-applied	pramuKezu	1	1
pravAha	m_a	m	gen.pl	pravAhARAm	pravAhAnAm	yes	B_key2_split	pra-vAha	false	false	true	false	yes	z-applied	pravAhezu	1	1
pravAha	m_a	m	instr.sg	pravAheRa	pravAhena	yes	B_key2_split	pra-vAha	false	false	true	false	yes	z-applied	pravAhezu	1	1
prayoga	m_a	m	gen.pl	prayogARAm	prayogAnAm	yes	A_compound_mono_final_8_4_12	prayo-ga	true	false	true	true	yes	z-applied	prayogezu	1	0
prayoga	m_a	m	instr.sg	prayogeRa	prayogena	yes	A_compound_mono_final_8_4_12	prayo-ga	true	false	true	true	yes	z-applied	prayogezu	1	1
prayoga	n_a	n	acc.pl	prayogARi	prayogAni	yes	A_compound_mono_final_8_4_12	prayo-ga	true	false	true	true	yes	z-applied	prayogezu	1	0
prayoga	n_a	n	gen.pl	prayogARAm	prayogAnAm	yes	A_compound_mono_final_8_4_12	prayo-ga	true	false	true	true	yes	z-applied	prayogezu	1	0
prayoga	n_a	n	instr.sg	prayogeRa	prayogena	yes	A_compound_mono_final_8_4_12	prayo-ga	true	false	true	true	yes	z-applied	prayogezu	1	1
prayoga	n_a	n	nom.pl	prayogARi	prayogAni	yes	A_compound_mono_final_8_4_12	prayo-ga	true	false	true	true	yes	z-applied	prayogezu	1	0
prayoga	n_a	n	voc.pl	prayogARi	prayogAni	yes	A_compound_mono_final_8_4_12	prayo-ga	true	false	true	true	yes	z-applied	prayogezu	1	0
puroga	m_a	m	gen.pl	purogARAm	purogAnAm	yes	A_compound_mono_final_8_4_12	puro-ga	true	false	true	false	yes	z-applied	purogezu	1	0
puroga	m_a	m	instr.sg	purogeRa	purogena	yes	A_compound_mono_final_8_4_12	puro-ga	true	false	true	false	yes	z-applied	purogezu	1	0
puroga	n_a	n	acc.pl	purogARi	purogAni	yes	A_compound_mono_final_8_4_12	puro-ga	true	false	true	false	yes	z-applied	purogezu	1	0
puroga	n_a	n	gen.pl	purogARAm	purogAnAm	yes	A_compound_mono_final_8_4_12	puro-ga	true	false	true	false	yes	z-applied	purogezu	1	0
puroga	n_a	n	instr.sg	purogeRa	purogena	yes	A_compound_mono_final_8_4_12	puro-ga	true	false	true	false	yes	z-applied	purogezu	1	0
puroga	n_a	n	nom.pl	purogARi	purogAni	yes	A_compound_mono_final_8_4_12	puro-ga	true	false	true	false	yes	z-applied	purogezu	1	0
puroga	n_a	n	voc.pl	purogARi	purogAni	yes	A_compound_mono_final_8_4_12	puro-ga	true	false	true	false	yes	z-applied	purogezu	1	0
purogama	m_a	m	gen.pl	purogamARAm	purogamAnAm	yes	B_key2_split	puro-gama	false	false	true	false	yes	z-applied	purogamezu	0	0
purogama	m_a	m	instr.sg	purogameRa	purogamena	yes	B_key2_split	puro-gama	false	false	true	false	yes	z-applied	purogamezu	0	0
purogama	n_a	n	acc.pl	purogamARi	purogamAni	yes	B_key2_split	puro-gama	false	false	true	false	yes	z-applied	purogamezu	0	0
purogama	n_a	n	gen.pl	purogamARAm	purogamAnAm	yes	B_key2_split	puro-gama	false	false	true	false	yes	z-applied	purogamezu	0	0
purogama	n_a	n	instr.sg	purogameRa	purogamena	yes	B_key2_split	puro-gama	false	false	true	false	yes	z-applied	purogamezu	0	0
purogama	n_a	n	nom.pl	purogamARi	purogamAni	yes	B_key2_split	puro-gama	false	false	true	false	yes	z-applied	purogamezu	0	0
purogama	n_a	n	voc.pl	purogamARi	purogamAni	yes	B_key2_split	puro-gama	false	false	true	false	yes	z-applied	purogamezu	0	0
sArvaBOma	m_a	m	gen.pl	sArvaBOmARAm	sArvaBOmAnAm	yes	B_key2_split	sArva-BOma	false	false	true	true	yes	z-applied	sArvaBOmezu	1	0
sArvaBOma	m_a	m	instr.sg	sArvaBOmeRa	sArvaBOmena	yes	B_key2_split	sArva-BOma	false	false	true	true	yes	z-applied	sArvaBOmezu	1	0
sArvaBOma	n_a	n	acc.pl	sArvaBOmARi	sArvaBOmAni	yes	B_key2_split	sArva-BOma	false	false	true	true	yes	z-applied	sArvaBOmezu	1	0
sArvaBOma	n_a	n	gen.pl	sArvaBOmARAm	sArvaBOmAnAm	yes	B_key2_split	sArva-BOma	false	false	true	true	yes	z-applied	sArvaBOmezu	1	0
sArvaBOma	n_a	n	instr.sg	sArvaBOmeRa	sArvaBOmena	yes	B_key2_split	sArva-BOma	false	false	true	true	yes	z-applied	sArvaBOmezu	1	0
sArvaBOma	n_a	n	nom.pl	sArvaBOmARi	sArvaBOmAni	yes	B_key2_split	sArva-BOma	false	false	true	true	yes	z-applied	sArvaBOmezu	1	0
sArvaBOma	n_a	n	voc.pl	sArvaBOmARi	sArvaBOmAni	yes	B_key2_split	sArva-BOma	false	false	true	true	yes	z-applied	sArvaBOmezu	1	0
sahasraka	m_a	m	gen.pl	sahasrakARAm	sahasrakAnAm	yes	A_compound_mono_final_8_4_12	sahasra-ka	true	false	true	false	yes	z-applied	sahasrakezu	1	0
sahasraka	m_a	m	instr.sg	sahasrakeRa	sahasrakena	yes	A_compound_mono_final_8_4_12	sahasra-ka	true	false	true	false	yes	z-applied	sahasrakezu	1	1
sahasraka	n_a	n	acc.pl	sahasrakARi	sahasrakAni	yes	A_compound_mono_final_8_4_12	sahasra-ka	true	false	true	false	yes	z-applied	sahasrakezu	1	0
sahasraka	n_a	n	gen.pl	sahasrakARAm	sahasrakAnAm	yes	A_compound_mono_final_8_4_12	sahasra-ka	true	false	true	false	yes	z-applied	sahasrakezu	1	0
sahasraka	n_a	n	instr.sg	sahasrakeRa	sahasrakena	yes	A_compound_mono_final_8_4_12	sahasra-ka	true	false	true	false	yes	z-applied	sahasrakezu	1	1
sahasraka	n_a	n	nom.pl	sahasrakARi	sahasrakAni	yes	A_compound_mono_final_8_4_12	sahasra-ka	true	false	true	false	yes	z-applied	sahasrakezu	1	0
sahasraka	n_a	n	voc.pl	sahasrakARi	sahasrakAni	yes	A_compound_mono_final_8_4_12	sahasra-ka	true	false	true	false	yes	z-applied	sahasrakezu	1	0
sarvaga	m_a	m	gen.pl	sarvagARAm	sarvagAnAm	yes	A_compound_mono_final_8_4_12	sarva-ga	true	false	true	true	yes	z-applied	sarvagezu	1	0
sarvaga	m_a	m	instr.sg	sarvageRa	sarvagena	yes	A_compound_mono_final_8_4_12	sarva-ga	true	false	true	true	yes	z-applied	sarvagezu	1	1
sarvaga	n_a	n	acc.pl	sarvagARi	sarvagAni	yes	A_compound_mono_final_8_4_12	sarva-ga	true	false	true	true	yes	z-applied	sarvagezu	1	0
sarvaga	n_a	n	gen.pl	sarvagARAm	sarvagAnAm	yes	A_compound_mono_final_8_4_12	sarva-ga	true	false	true	true	yes	z-applied	sarvagezu	1	0
sarvaga	n_a	n	instr.sg	sarvageRa	sarvagena	yes	A_compound_mono_final_8_4_12	sarva-ga	true	false	true	true	yes	z-applied	sarvagezu	1	1
sarvaga	n_a	n	nom.pl	sarvagARi	sarvagAni	yes	A_compound_mono_final_8_4_12	sarva-ga	true	false	true	true	yes	z-applied	sarvagezu	1	0
sarvaga	n_a	n	voc.pl	sarvagARi	sarvagAni	yes	A_compound_mono_final_8_4_12	sarva-ga	true	false	true	true	yes	z-applied	sarvagezu	1	0
sragvin	m_in	m	abl.sg	sragviRaH	sragvinaH	yes	A_compound_mono_final_8_4_12	srag-vin	true	false	true	false	yes	z-applied	sragvizu	1	0
sragvin	m_in	m	acc.du	sragviRO	sragvinO	yes	A_compound_mono_final_8_4_12	srag-vin	true	false	true	false	yes	z-applied	sragvizu	1	0
sragvin	m_in	m	acc.pl	sragviRaH	sragvinaH	yes	A_compound_mono_final_8_4_12	srag-vin	true	false	true	false	yes	z-applied	sragvizu	1	0
sragvin	m_in	m	acc.sg	sragviRam	sragvinam	yes	A_compound_mono_final_8_4_12	srag-vin	true	false	true	false	yes	z-applied	sragvizu	1	0
sragvin	m_in	m	dat.sg	sragviRe	sragvine	yes	A_compound_mono_final_8_4_12	srag-vin	true	false	true	false	yes	z-applied	sragvizu	1	0
sragvin	m_in	m	gen.du	sragviRoH	sragvinoH	yes	A_compound_mono_final_8_4_12	srag-vin	true	false	true	false	yes	z-applied	sragvizu	0	0
sragvin	m_in	m	gen.pl	sragviRAm	sragvinAm	yes	A_compound_mono_final_8_4_12	srag-vin	true	false	true	false	yes	z-applied	sragvizu	1	0
sragvin	m_in	m	gen.sg	sragviRaH	sragvinaH	yes	A_compound_mono_final_8_4_12	srag-vin	true	false	true	false	yes	z-applied	sragvizu	1	0
sragvin	m_in	m	instr.sg	sragviRA	sragvinA	yes	A_compound_mono_final_8_4_12	srag-vin	true	false	true	false	yes	z-applied	sragvizu	1	0
sragvin	m_in	m	loc.du	sragviRoH	sragvinoH	yes	A_compound_mono_final_8_4_12	srag-vin	true	false	true	false	yes	z-applied	sragvizu	0	0
sragvin	m_in	m	loc.sg	sragviRi	sragvini	yes	A_compound_mono_final_8_4_12	srag-vin	true	false	true	false	yes	z-applied	sragvizu	1	0
sragvin	m_in	m	nom.du	sragviRO	sragvinO	yes	A_compound_mono_final_8_4_12	srag-vin	true	false	true	false	yes	z-applied	sragvizu	1	0
sragvin	m_in	m	nom.pl	sragviRaH	sragvinaH	yes	A_compound_mono_final_8_4_12	srag-vin	true	false	true	false	yes	z-applied	sragvizu	1	0
sragvin	m_in	m	voc.du	sragviRO	sragvinO	yes	A_compound_mono_final_8_4_12	srag-vin	true	false	true	false	yes	z-applied	sragvizu	1	0
sragvin	m_in	m	voc.pl	sragviRaH	sragvinaH	yes	A_compound_mono_final_8_4_12	srag-vin	true	false	true	false	yes	z-applied	sragvizu	1	0
sragvin	n_in	n	abl.sg	sragviRaH	sragvinaH	yes	A_compound_mono_final_8_4_12	srag-vin	true	false	true	false	yes	z-applied	sragvizu	1	0
sragvin	n_in	n	acc.du	sragviRI	sragvinI	yes	A_compound_mono_final_8_4_12	srag-vin	true	false	true	false	yes	z-applied	sragvizu	1	0
sragvin	n_in	n	dat.sg	sragviRe	sragvine	yes	A_compound_mono_final_8_4_12	srag-vin	true	false	true	false	yes	z-applied	sragvizu	1	0
sragvin	n_in	n	gen.du	sragviRoH	sragvinoH	yes	A_compound_mono_final_8_4_12	srag-vin	true	false	true	false	yes	z-applied	sragvizu	0	0
sragvin	n_in	n	gen.pl	sragviRAm	sragvinAm	yes	A_compound_mono_final_8_4_12	srag-vin	true	false	true	false	yes	z-applied	sragvizu	1	0
sragvin	n_in	n	gen.sg	sragviRaH	sragvinaH	yes	A_compound_mono_final_8_4_12	srag-vin	true	false	true	false	yes	z-applied	sragvizu	1	0
sragvin	n_in	n	instr.sg	sragviRA	sragvinA	yes	A_compound_mono_final_8_4_12	srag-vin	true	false	true	false	yes	z-applied	sragvizu	1	0
sragvin	n_in	n	loc.du	sragviRoH	sragvinoH	yes	A_compound_mono_final_8_4_12	srag-vin	true	false	true	false	yes	z-applied	sragvizu	0	0
sragvin	n_in	n	loc.sg	sragviRi	sragvini	yes	A_compound_mono_final_8_4_12	srag-vin	true	false	true	false	yes	z-applied	sragvizu	1	0
sragvin	n_in	n	nom.du	sragviRI	sragvinI	yes	A_compound_mono_final_8_4_12	srag-vin	true	false	true	false	yes	z-applied	sragvizu	1	0
sragvin	n_in	n	nom.pl	sragvIRi	sragvIni	yes	A_compound_mono_final_8_4_12	srag-vin	true	false	true	false	yes	z-applied	sragvizu	1	0
sragvin	n_in	n	voc.du	sragviRI	sragvinI	yes	A_compound_mono_final_8_4_12	srag-vin	true	false	true	false	yes	z-applied	sragvizu	1	0
sragvin	n_in	n	voc.pl	sragvIRi	sragvIni	yes	A_compound_mono_final_8_4_12	srag-vin	true	false	true	false	yes	z-applied	sragvizu	1	0
surApa	m_a	m	gen.pl	surApARAm	surApAnAm	yes	A_compound_mono_final_8_4_12	surA-pa	true	false	true	true	yes	z-applied	surApezu	0	0
surApa	m_a	m	instr.sg	surApeRa	surApena	yes	A_compound_mono_final_8_4_12	surA-pa	true	false	true	true	yes	z-applied	surApezu	0	0
surApa	n_a	n	acc.pl	surApARi	surApAni	yes	A_compound_mono_final_8_4_12	surA-pa	true	false	true	true	yes	z-applied	surApezu	0	0
surApa	n_a	n	gen.pl	surApARAm	surApAnAm	yes	A_compound_mono_final_8_4_12	surA-pa	true	false	true	true	yes	z-applied	surApezu	0	0
surApa	n_a	n	instr.sg	surApeRa	surApena	yes	A_compound_mono_final_8_4_12	surA-pa	true	false	true	true	yes	z-applied	surApezu	0	0
surApa	n_a	n	nom.pl	surApARi	surApAni	yes	A_compound_mono_final_8_4_12	surA-pa	true	false	true	true	yes	z-applied	surApezu	0	0
surApa	n_a	n	voc.pl	surApARi	surApAni	yes	A_compound_mono_final_8_4_12	surA-pa	true	false	true	true	yes	z-applied	surApezu	0	0
svarBAnu	m_u	m	loc.sg	svarBARO	svarBAnO	yes	B_key2_split	svar-BAnu	false	false	true	false	yes	z-applied	svarBAnuzu	0	0
tiryagyoni	f_i	f	loc.sg	tiryagyoRO|tiryagyonyAm	tiryagyonO|tiryagyonyAm	yes	B_key2_split	tiryag-yoni	false	false	true	false	yes	z-applied	tiryagyonizu	1	2
tiryagyoni	m_i	m	loc.sg	tiryagyoRO	tiryagyonO	yes	B_key2_split	tiryag-yoni	false	false	true	false	yes	z-applied	tiryagyonizu	0	1
triBuvana	m_a	m	acc.du	triBuvaRO	triBuvanO	yes	B_key2_split	tri-Buvana	false	false	true	true	yes	z-applied	triBuvanezu	0	0
triBuvana	m_a	m	instr.pl	triBuvaREH	triBuvanEH	yes	B_key2_split	tri-Buvana	false	false	true	true	yes	z-applied	triBuvanezu	0	0
triBuvana	m_a	m	instr.sg	triBuvaRena	triBuvanena	yes	B_key2_split	tri-Buvana	false	false	true	true	yes	z-applied	triBuvanezu	0	0
triBuvana	m_a	m	loc.sg	triBuvaRe	triBuvane	yes	B_key2_split	tri-Buvana	false	false	true	true	yes	z-applied	triBuvanezu	0	1
triBuvana	m_a	m	nom.du	triBuvaRO	triBuvanO	yes	B_key2_split	tri-Buvana	false	false	true	true	yes	z-applied	triBuvanezu	0	0
triBuvana	m_a	m	voc.du	triBuvaRO	triBuvanO	yes	B_key2_split	tri-Buvana	false	false	true	true	yes	z-applied	triBuvanezu	0	0
triBuvana	n_a	n	acc.du	triBuvaRe	triBuvane	yes	B_key2_split	tri-Buvana	false	false	true	true	yes	z-applied	triBuvanezu	0	1
triBuvana	n_a	n	instr.pl	triBuvaREH	triBuvanEH	yes	B_key2_split	tri-Buvana	false	false	true	true	yes	z-applied	triBuvanezu	0	0
triBuvana	n_a	n	instr.sg	triBuvaRena	triBuvanena	yes	B_key2_split	tri-Buvana	false	false	true	true	yes	z-applied	triBuvanezu	0	0
triBuvana	n_a	n	loc.sg	triBuvaRe	triBuvane	yes	B_key2_split	tri-Buvana	false	false	true	true	yes	z-applied	triBuvanezu	0	1
triBuvana	n_a	n	nom.du	triBuvaRe	triBuvane	yes	B_key2_split	tri-Buvana	false	false	true	true	yes	z-applied	triBuvanezu	0	1
triBuvana	n_a	n	voc.du	triBuvaRe	triBuvane	yes	B_key2_split	tri-Buvana	false	false	true	true	yes	z-applied	triBuvanezu	0	1
tryambaka	m_a	m	gen.pl	tryambakARAm	tryambakAnAm	yes	B_key2_split	try-ambaka	false	false	true	true	yes	z-applied	tryambakezu	1	0
tryambaka	m_a	m	instr.sg	tryambakeRa	tryambakena	yes	B_key2_split	try-ambaka	false	false	true	true	yes	z-applied	tryambakezu	1	1
tryambaka	n_a	n	acc.pl	tryambakARi	tryambakAni	yes	B_key2_split	try-ambaka	false	false	true	true	yes	z-applied	tryambakezu	1	0
tryambaka	n_a	n	gen.pl	tryambakARAm	tryambakAnAm	yes	B_key2_split	try-ambaka	false	false	true	true	yes	z-applied	tryambakezu	1	0
tryambaka	n_a	n	instr.sg	tryambakeRa	tryambakena	yes	B_key2_split	try-ambaka	false	false	true	true	yes	z-applied	tryambakezu	1	1
tryambaka	n_a	n	nom.pl	tryambakARi	tryambakAni	yes	B_key2_split	try-ambaka	false	false	true	true	yes	z-applied	tryambakezu	1	0
tryambaka	n_a	n	voc.pl	tryambakARi	tryambakAni	yes	B_key2_split	try-ambaka	false	false	true	true	yes	z-applied	tryambakezu	1	0
turaga	m_a	m	gen.pl	turagARAm	turagAnAm	yes	A_compound_mono_final_8_4_12	tura-ga	true	false	true	true	yes	z-applied	turagezu	1	0
turaga	m_a	m	instr.sg	turageRa	turagena	yes	A_compound_mono_final_8_4_12	tura-ga	true	false	true	true	yes	z-applied	turagezu	1	1
uraga	m_a	m	gen.pl	uragARAm	uragAnAm	yes	A_compound_mono_final_8_4_12	ura-ga	true	false	true	true	yes	z-applied	uragezu	1	0
uraga	m_a	m	instr.sg	urageRa	uragena	yes	A_compound_mono_final_8_4_12	ura-ga	true	false	true	true	yes	z-applied	uragezu	1	1
vfzAkapi	m_i	m	gen.pl	vfzAkapIRAm	vfzAkapInAm	yes	B_key2_split	vfzA-kapi	false	false	true	false	yes	z-applied	vfzAkapizu	1	0
vfzAkapi	m_i	m	instr.sg	vfzAkapiRA	vfzAkapinA	yes	B_key2_split	vfzA-kapi	false	false	true	false	yes	z-applied	vfzAkapizu	1	0
