lemma_slp1	model	gender	rule_class	loc_pl_mwinflect_csl	shatva_s_to_z_applied
SatruGna	m_a	m	A_compound_mono_final_8_4_12	SatruGnezu	yes
SatruGna	n_a	n	A_compound_mono_final_8_4_12	SatruGnezu	yes
antarAya	m_a	m	B_key2_split	antarAyezu	yes
antaryAmin	m_in	m	B_key2_split	antaryAmizu	yes
cakravAka	m_a	m	B_key2_split	cakravAkezu	yes
caturaNga	m_a	m	B_key2_split	caturaNgezu	yes
caturaNga	n_a	n	B_key2_split	caturaNgezu	yes
caturmuKa	m_a	m	B_key2_split	caturmuKezu	yes
caturmuKa	n_a	n	B_key2_split	caturmuKezu	yes
caturyuga	m_a	m	B_key2_split	caturyugezu	yes
caturyuga	n_a	n	B_key2_split	caturyugezu	yes
durBaga	m_a	m	B_key2_split	durBagezu	yes
durBaga	n_a	n	B_key2_split	durBagezu	yes
durgama	m_a	m	B_key2_split	durgamezu	yes
durgama	n_a	n	B_key2_split	durgamezu	yes
durmuKa	m_a	m	B_key2_split	durmuKezu	yes
durmuKa	n_a	n	B_key2_split	durmuKezu	yes
indragopa	m_a	m	B_key2_split	indragopezu	yes
indragopa	n_a	n	B_key2_split	indragopezu	yes
indrayava	n_a	n	B_key2_split	indrayavezu	yes
nfpa	m_a	m	A_compound_mono_final_8_4_12	nfpezu	yes
nirAmaya	m_a	m	B_key2_split	nirAmayezu	yes
nirAmaya	n_a	n	B_key2_split	nirAmayezu	yes
nirBaya	m_a	m	B_key2_split	nirBayezu	yes
nirBaya	n_a	n	B_key2_split	nirBayezu	yes
nirUha	m_a	m	B_key2_split	nirUhezu	yes
nirUha	n_a	n	B_key2_split	nirUhezu	yes
niraya	m_a	m	B_key2_split	nirayezu	yes
nirgama	m_a	m	B_key2_split	nirgamezu	yes
nirmama	m_a	m	B_key2_split	nirmamezu	yes
nirmama	n_a	n	B_key2_split	nirmamezu	yes
niryUha	m_a	m	B_key2_split	niryUhezu	yes
niryUha	n_a	n	B_key2_split	niryUhezu	yes
pAraga	m_a	m	A_compound_mono_final_8_4_12	pAragezu	yes
pAraga	n_a	n	A_compound_mono_final_8_4_12	pAragezu	yes
parABava	m_a	m	B_key2_split	parABavezu	yes
parANmuKa	m_a	m	B_key2_split	parANmuKezu	yes
parANmuKa	n_a	n	B_key2_split	parANmuKezu	yes
pariBava	m_a	m	B_key2_split	pariBavezu	yes
pariGa	m_a	m	A_compound_mono_final_8_4_12	pariGezu	yes
pariGa	n_a	n	A_compound_mono_final_8_4_12	pariGezu	yes
paripakva	m_a	m	B_key2_split	paripakvezu	yes
paripakva	n_a	n	B_key2_split	paripakvezu	yes
paryAya	m_a	m	B_key2_split	paryAyezu	yes
paryaNka	m_a	m	B_key2_split	paryaNkezu	yes
paryaya	m_a	m	B_key2_split	paryayezu	yes
prANmuKa	m_a	m	B_key2_split	prANmuKezu	yes
prANmuKa	n_a	n	B_key2_split	prANmuKezu	yes
prAdurBAva	m_a	m	B_key2_split	prAdurBAvezu	yes
praBAva	m_a	m	B_key2_split	praBAvezu	yes
praBava	m_a	m	B_key2_split	praBavezu	yes
praBava	n_a	n	B_key2_split	praBavezu	yes
praBu	f_u	f	A_compound_mono_final_8_4_12	praBuzu	yes
praBu	m_u	m	A_compound_mono_final_8_4_12	praBuzu	yes
praBu	n_u	n	A_compound_mono_final_8_4_12	praBuzu	yes
prahi	m_i	m	A_compound_mono_final_8_4_12	prahizu	yes
prahva	m_a	m	A_compound_mono_final_8_4_12	prahvezu	yes
prahva	n_a	n	A_compound_mono_final_8_4_12	prahvezu	yes
prakopa	m_a	m	B_key2_split	prakopezu	yes
prameha	m_a	m	B_key2_split	pramehezu	yes
pramuKa	m_a	m	B_key2_split	pramuKezu	yes
pramuKa	n_a	n	B_key2_split	pramuKezu	yes
pravAha	m_a	m	B_key2_split	pravAhezu	yes
prayoga	m_a	m	A_compound_mono_final_8_4_12	prayogezu	yes
prayoga	n_a	n	A_compound_mono_final_8_4_12	prayogezu	yes
puroga	m_a	m	A_compound_mono_final_8_4_12	purogezu	yes
puroga	n_a	n	A_compound_mono_final_8_4_12	purogezu	yes
purogama	m_a	m	B_key2_split	purogamezu	yes
purogama	n_a	n	B_key2_split	purogamezu	yes
sArvaBOma	m_a	m	B_key2_split	sArvaBOmezu	yes
sArvaBOma	n_a	n	B_key2_split	sArvaBOmezu	yes
sahasraka	m_a	m	A_compound_mono_final_8_4_12	sahasrakezu	yes
sahasraka	n_a	n	A_compound_mono_final_8_4_12	sahasrakezu	yes
sarvaga	m_a	m	A_compound_mono_final_8_4_12	sarvagezu	yes
sarvaga	n_a	n	A_compound_mono_final_8_4_12	sarvagezu	yes
sragvin	m_in	m	A_compound_mono_final_8_4_12	sragvizu	yes
sragvin	n_in	n	A_compound_mono_final_8_4_12	sragvizu	yes
surApa	m_a	m	A_compound_mono_final_8_4_12	surApezu	yes
surApa	n_a	n	A_compound_mono_final_8_4_12	surApezu	yes
svarBAnu	m_u	m	B_key2_split	svarBAnuzu	yes
tiryagyoni	f_i	f	B_key2_split	tiryagyonizu	yes
tiryagyoni	m_i	m	B_key2_split	tiryagyonizu	yes
triBuvana	m_a	m	B_key2_split	triBuvanezu	yes
triBuvana	n_a	n	B_key2_split	triBuvanezu	yes
tryambaka	m_a	m	B_key2_split	tryambakezu	yes
tryambaka	n_a	n	B_key2_split	tryambakezu	yes
turaga	m_a	m	A_compound_mono_final_8_4_12	turagezu	yes
uraga	m_a	m	A_compound_mono_final_8_4_12	uragezu	yes
vfzAkapi	m_i	m	B_key2_split	vfzAkapizu	yes
