whitney_no,root_iast,root_slp1,homonym,gloss,dcs_lemma_attested,dcs_freq_band,vidyut_aupadeshika,vidyut_dhatupatha_code,vidyut_match_count,vidyut_ambiguous
22,as,as,1,be,True,5,asu~,04.0106,1,False
2,akṣ,akz,1,attain,True,2,akzU~,01.0742,1,False
6,aj,aj,,drive,True,3,aja~,01.0262,1,False
8,aṭ,aw,,wander,True,3,awa~,01.0332,1,False
10,at,at,,wander,True,2,ata~,01.0038,1,False
11,ad,ad,,eat,True,4,,,0,False
20,aś,aS,1,attain,True,5,,,0,False
21,aś,aS,2,eat,True,5,,,0,False
23,as,as,2,throw,True,5,asu~,04.0106,1,False
24,ah,ah,,say,True,5,,,0,False
2,akṣ,akz,1,attain,True,2,akzU~,01.0742,1,False
597,yaj,yaj,,offer,True,5,ya\ja~^,01.1157,1,False
698,vakṣ,vakz,,increase,True,3,vakza~,01.0753,1,False
699,vac,vac,,speak,True,5,,,0,False
700,vaj,vaj,,be strong,False,,,,0,False
704,vad,vad,,speak,True,5,vada~,01.1164,1,False
708,vap,vap,1,strew,True,4,quva\pa~^,01.1158,1,False
709,vap,vap,2,shear,True,4,quva\pa~^,01.1158,1,False
714,vaś,vaS,,be eager,True,4,vaS,,1,False
715,vas,vas,1,shine,True,5,va\sa~;vas;vasa~,01.1160;10.0273,3,True
716,vas,vas,2,clothe,True,5,va\sa~;vas;vasa~,01.1160;10.0273,3,True
718,vah,vah,,carry,True,5,va\ha~^,01.1159,1,False
72,ṛj,fj,2,shine,True,3,arja~,01.0256,1,False
81,kath,kaT,,talk,True,3,kaTa,10.0389,1,False
80,katth,katT,,boast,True,3,katTa~\,01.0037,1,False
87,kaṣ,kaz,,scratch,True,2,kaza~,01.0781,1,False
88,kas,kas,,open,True,2,kasa~,01.0996,1,False
116,krakṣ,krakz,,crash,False,,,,0,False
117,krath,kraT,,be jubilant,False,,kraTa~,01.0912,1,False
133,kvath,kvaT,,boil,True,3,kvaTe~,01.0981,1,False
134,kṣad,kzad,,divide,True,2,,,1,False
136,kṣap,kzap,,be abstinent,True,3,kzap,,1,False
154,khac,Kac,,,True,3,Kac,,2,False
156,khad,Kad,,be hard,False,,,,0,False
159,khall,Kall,,be relaxed,False,,Kall,,1,False
167,gad,gad,,say,True,4,gada;gada~,01.0054;10.0399,2,True
168,gadh,gaD,,attach,False,,,,0,False
196,grabh,graB,,seize,False,,,,0,False
197,gras,gras,,devour,True,4,gras,,1,False
199,glah,glah,,gamble,True,2,glaha~\,01.0738,1,False
201,ghaṭ,Gaw,,strive,True,3,Gaw,,1,False
202,ghaṭṭ,Gaww,,rub,True,2,Gaww;Gawwa~,10.0125,2,True
204,ghas,Gas,,eat,True,3,Ga\sx~,01.0812,1,False
211,cak,cak,,quake,True,3,,,0,False
213,cakṣ,cakz,,see,True,3,,,0,False
215,caṭ,caw,,go,True,2,cawe~,01.0330,1,False
216,cat,cat,,hide,True,2,,,0,False
239,chad,Cad,,cover,True,4,Cada~;CadiH,01.0925;10.0370,2,True
246,jakṣ,jakz,1,eat,True,3,,,0,False
250,jap,jap,,whisper,True,5,jap,,1,False
255,jas,jas,,be exhausted,True,3,,,0,False
288,tak,tak,,rush,True,2,,,0,False
289,takṣ,takz,,fashion,True,4,takzU~,01.0743,1,False
196,grabh,graB,,seize,False,,,,0,False
292,taḍ,taq,,beat,True,1,taqa~,10.0064,1,False
349,dā,dA,1,give,True,5,dA,,2,False
296,tap,tap,,heat,True,5,tap,,2,False
705,vadh,vaD,,slay,True,4,,,0,False
324,tyaj,tyaj,,forsake,True,5,tya\ja~,01.1141,1,False
738,vīj,vIj,,fan,True,2,vIj,,2,False
325,trap,trap,,be abashed,True,2,,,0,False
839,sādh,sAD,,succeed,True,3,,,2,False
326,tras,tras,,be terrified,True,4,tras,,2,False
901,svad,svad,,sweeten,True,3,,,1,False
329,tvakṣ,tvakz,,fashion,False,,,,0,False
446,paś,paS,1,see,True,5,,,0,False
337,dakṣ,dakz,,be able,True,2,dakz,,1,False
338,dagh,daG,,reach to,True,3,,,0,False
347,das,das,,waste,True,3,,,0,False
348,dah,dah,,burn,True,5,da\ha~,01.1146,1,False
406,dhraj,Draj,,sweep,True,2,,,0,False
411,nakṣ,nakz,,attain,True,3,Rakza~,01.0752,1,False
412,naṭ,naw,,"dance, play",True,2,Rawa~,01.0347,1,False
413,nad,nad,,sound,True,4,Rada~,01.0056,1,False
415,nabh,naB,,burst,True,3,RaBa~,04.0155,2,False
418,naś,naS,1,be lost,True,5,Ra\Sa~;naS,04.0091,2,True
420,nas,nas,,unite,True,3,,,0,False
421,nah,nah,,tie,True,3,Ra\ha~^,04.0062,1,False
435,pac,pac,,cook,True,5,pac;qupa\ca~^z,01.1151,2,True
436,paj,paj,,start,False,,,,0,False
437,paṭ,paw,,tear,False,,pawa~,01.0333;10.0282,2,False
438,paṭh,paW,,read,True,4,paWa~,01.0381,1,False
440,pat,pat,1,"fly, fall",True,5,patx~,01.0979,1,False
442,path,paT,,go,False,,,,0,False
443,pad,pad,,go,True,4,pa\da~\,04.0065,1,False
446,paś,paS,1,see,True,5,,,0,False
477,prach,praC,,ask,False,,pra\Ca~,06.0149,1,False
478,prath,praT,,spread,True,4,praTa~\,01.0869,1,False
488,phakk,Pakk,,swell,False,,,,0,False
504,bhakṣ,Bakz,,"partake of, eat",True,4,Bakza~;Bakza~^,01.1039;10.0033,2,True
505,bhaj,Baj,,"divide, share",True,5,Ba\ja~^,01.1153,1,False
513,bhal,Bal,,perceive,False,,,,0,False
514,bhaṣ,Baz,,bark,True,3,Baza~,01.0791,1,False
515,bhas,Bas,,devour,True,3,,,0,False
531,bhṛjj,Bfjj,,roast,True,3,,,0,False
532,bhyas,Byas,,fear,True,2,,,0,False
539,majj,majj,,sink,True,4,wuma\sjo~,06.0151,1,False
545,mad,mad,,"be exhilarated, exhilarate",True,5,madI~,01.0927;04.0105,2,False
586,myakṣ,myakz,,be situated,True,3,myakz,,1,False
573,mṛkṣ,mfkz,,stroke,True,1,,,0,False
579,mṛd,mfd,,"rub, crush",True,5,,,1,False
595,yakṣ,yakz,,press on,True,1,,,0,False
598,yat,yat,,stretch,True,5,yat;yata~,10.0261,2,True
599,yabh,yaB,,fuck,True,1,ya\Ba~,01.1135,1,False
601,yas,yas,,be heated,True,2,yasu~,04.0107,1,False
613,rakṣ,rakz,,protect,True,5,rakza~,01.0746,1,False
615,rac,rac,,procuce,True,1,raca,10.0403,1,False
619,raṭ,raw,,howl,True,2,rawa~,01.0334,1,False
621,rad,rad,,dig,True,3,rada~,01.0055,1,False
625,rap,rap,,chatter,True,2,rapa~,01.0467,1,False
626,rapś,rapS,,be full,True,2,,,0,False
633,ras,ras,,roar,True,3,rasa;rasa~,01.0810;10.0477,2,True
634,rah,rah,,desert,True,3,raha~,01.0832;10.0122,2,False
667,lakṣ,lakz,,mark,True,3,lakz;lakza~,10.0006,2,True
668,lag,lag,,attach,True,4,laga~;lage~,01.0895;10.0263,2,True
670,lajj,lajj,,be ashamed,True,3,lajj,,1,False
671,laḍ,laq,,move about,True,2,,,0,False
672,lap,lap,,prate,True,3,lapa~,01.0468,1,False
673,labh,laB,,take,True,5,,,1,False
677,laṣ,laz,,desire,True,2,laz;laza~^,01.1033,3,True
678,las,las,,be lively,True,3,lasa~,01.0811;10.0253,2,False
703,vat,vat,,apprehend,True,5,,,0,False
705,vadh,vaD,,slay,True,4,,,0,False
716,vas,vas,2,clothe,True,5,va\sa~;vas;vasa~,01.1160;10.0273,3,True
751,vyac,vyac,,extend,True,3,vyaca~,06.0013,1,False
754,vyadh,vyaD,,pierce,True,5,vya\Da~,04.0078,1,False
760,vraśc,vraSc,,cut up,True,3,o~vrascU~,06.0012,1,False
753,vyath,vyaT,,waver,True,4,vyaTa~\,01.0868,1,False
757,vraj,vraj,,proceed,True,5,vraja~,01.0286;10.0109,2,False
767,śak,Sak,,be able,True,5,,,0,False
769,śat,Sat,,cut in pieces,True,2,,,0,False
770,śad,Sad,1,prevail,True,3,Sa\dx~,01.0991;06.0164,2,False
771,śad,Sad,2,fall,True,3,Sa\dx~,01.0991;06.0164,2,False
772,śap,Sap,,curse,True,4,Sa\pa~^,01.1155;04.0064,2,False
777,śaś,SaS,,leap,False,,,,0,False
778,śas,Sas,,cut,True,3,Sasu~,01.0828,1,False
822,śvas,Svas,,blow,True,4,,,0,False
806,śrath,SraT,,slacken,True,3,,,0,False
810,śrā,SrA,,boil,False,,SrA,,2,False
804,śnath,SnaT,,pierce,True,3,,,1,False
806,śrath,SraT,,slacken,True,3,,,0,False
827,sagh,saG,,be equal to,True,2,,,0,False
828,sac,sac,,accompany,True,4,zaca~^,01.1152,1,False
830,sad,sad,,sit,True,4,za\dx~,01.0990;06.0163,2,False
832,sap,sap,,serve,True,3,zapa~,01.0466,1,False
835,sas,sas,,sleep,True,3,,,0,False
836,sah,sah,,prevail,True,4,zaha~,10.0341,2,False
903,svap,svap,,sleep,True,4,,,0,False
883,spṛś,spfS,,touch,True,4,spf\Sa~,06.0158,1,False
873,sthag,sTag,,cover,False,,zWage~,01.0909,1,False
907,had,had,,discharge excrement,False,,ha\da~\,01.1132,1,False
910,has,has,,laugh,True,4,hase~,01.0822,1,False
930,hras,hras,,shorten,True,3,hrasa~,01.0808,1,False
778,śas,Sas,,cut,True,3,Sasu~,01.0828,1,False
796,śū,SU,,swell,False,,,,0,False
921,hū,hU,,call,False,,,,0,False
26,āp,Ap,,obtain,True,5,,,0,False
28,ās,As,,sit,True,5,,,0,False
720,vā,vA,2,weave,True,5,,,0,False
91,kāś,kAS,,"appear, make a show",True,3,kAS,,2,False
92,kās,kAs,,cough,True,3,kAs,,1,False
140,kṣā,kzA,,burn,True,3,,,0,False
150,kṣmā,kzmA,,tremble,True,3,,,0,False
161,khād,KAd,,chew,True,4,KAdf~,01.0051,1,False
165,khyā,KyA,,see,True,4,,,0,False
176,gā,gA,1,go,True,5,,,0,False
177,gā,gA,2,sing,True,5,,,0,False
178,gāh,gAh,,plunge,True,3,gAhU~\,01.0736,1,False
200,glā,glA,,be weary,True,3,,,0,False
210,ghrā,GrA,,smell,True,4,GrA\,01.1075,1,False
241,chā,CA,,cut up,True,2,,,0,False
270,jyā,jyA,,"overpower, injure",True,4,jyA,,1,False
269,jñā,jYA,,know,True,5,,,0,False
327,trā,trA,,rescue,True,4,,,0,False
349,dā,dA,1,give,True,5,dA,,2,False
350,dā,dA,2,"divide, share",True,5,dA,,2,False
351,dā,dA,3,bind,True,5,dA,,2,False
352,dā,dA,4,clear,True,5,dA,,2,False
353,dāś,dAS,,make offering,True,4,dASf~^,01.1025,1,False
354,dās,dAs,,,True,1,,,0,False
381,drā,drA,1,run,True,3,,,0,False
382,drā,drA,2,sleep,True,3,,,0,False
393,dhā,DA,1,put,True,5,DA,,2,False
394,dhā,DA,2,suck,True,5,DA,,2,False
404,dhmā,DmA,,,True,2,,,0,False
405,dhyā,DyA,,think,True,4,,,0,False
422,nāth,nAT,,seek aid,True,3,nATf~\,01.0007,1,False
448,pā,pA,1,drink,True,5,pA\,01.1074,1,False
449,pā,pA,2,protect,True,5,pA\,01.1074,1,False
476,pyā,pyA,,fill up,True,4,,,0,False
479,prā,prA,,fill,True,3,,,0,False
487,psā,psA,,devour,True,2,,,0,False
496,bādh,bAD,,oppress,True,4,bADf~\,01.0005,1,False
516,bhā,BA,,shine,True,4,,,0,False
518,bhāṣ,BAz,,speak,True,5,BAz,,1,False
519,bhās,BAs,,shine,True,4,BAs,,1,False
535,bhrāj,BrAj,,shine,True,4,BrAj,,1,False
548,mā,mA,1,measure,True,5,mA,,1,False
549,mā,mA,2,exchange,True,5,mA,,1,False
550,mā,mA,3,bellow,True,5,mA,,1,False
553,mi,mi,2,damage,True,3,,,0,False
561,mī,mI,,damage,True,3,,,0,False
585,mnā,mnA,,note,True,2,mnA\,01.1078,1,False
591,mlā,mlA,,relax,True,3,,,0,False
603,yā,yA,,go,True,5,,,0,False
604,yāc,yAc,,ask,True,4,quyAcf~^,01.0954,1,False
605,yād,yAd,,unite,True,2,,,0,False
635,rā,rA,1,give,True,4,,,0,False
636,rā,rA,2,bark,True,4,,,0,False
637,rāj,rAj,,be kingly,True,4,rAjf~^,01.0956,1,False
638,rādh,rAD,,succeed,True,4,rA\Da~,04.0077,1,False
685,lī,lI,1,cling,True,4,lI,,2,False
679,lā,lA,,grasp,True,1,,,0,False
719,vā,vA,1,blow,True,5,,,0,False
723,vāś,vAS,,bellow,True,3,vAS,,1,False
724,vāh,vAh,,press,True,3,vAhf~\,01.0952,1,False
761,vrādh,vrAD,,stir up,True,3,,,0,False
756,vyā,vyA,,envelop,True,2,,,0,False
779,śā,SA,,sharpen,True,4,,,0,False
780,śās,SAs,1,order,True,4,,,0,False
805,śyā,SyA,,coagulate,True,2,,,0,False
810,śrā,SrA,,boil,False,,SrA,,2,False
818,ślā,SlA,,dissolve,False,,,,0,False
819,ślāgh,SlAG,,extol,True,4,SlAG,,1,False
837,sā,sA,1,bind,True,3,,,0,False
839,sādh,sAD,,succeed,True,3,,,2,False
872,styā,styA,,stiffen,True,2,,,0,False
874,sthā,sTA,,stand,True,5,zWA\,01.1077,1,False
875,snā,snA,,bathe,True,5,snA,,1,False
888,sphā,sPA,,fatten,False,,,,0,False
905,svād,svAd,,,True,1,,,0,False
911,hā,hA,1,leave,True,5,hA,,1,False
912,hā,hA,2,go forth,True,5,hA,,1,False
913,hās,hAs,,go emulously,True,2,,,0,False
931,hrād,hrAd,,make a noise,False,,hrAda~\,01.0026,1,False
935,hlād,hlAd,,refresh,True,2,hlAdI~\,01.0027,1,False
78,ej,ej,,stir,True,3,ejf~,01.0267,1,False
52,īṣ,Iz,,move,True,3,Iza~,01.0780,1,False
302,tāy,tAy,,stretch,False,,,,0,False
344,day,day,,share,True,3,,,0,False
756,vyā,vyA,,envelop,True,2,,,0,False
789,śī,SI,2,lie,True,4,SI,,1,False
921,hū,hU,,call,False,,,,0,False
755,vyay,vyay,,expend,False,,,,0,False
79,edh,eD,,thrive,True,4,eDa~\,01.0002,1,False
153,kṣvel,kzvel,,play,False,,kzvelf~,01.0618,1,False
164,khel,Kel,,stagger,True,2,,,0,False
236,ceṣṭ,cezw,,stir,True,4,,,0,False
224,cāy,cAy,,"note, observe",True,3,,,0,False
268,jeh,jeh,,"loll, pant",True,2,,,0,False
434,ned,ned,,flow,True,1,,,0,False
451,pāy,pAy,,to void excrement,False,,,,1,False
537,bhreṣ,Brez,,totter,True,1,Brezf~^,01.1027,1,False
590,mreḍ,mreq,,gratify,False,,,,0,False
664,rej,rej,,tremble,True,3,rej,,1,False
748,ven,ven,,long,True,3,venf~^,01.1019,1,False
749,vell,vell,,stagger,True,3,vella~,01.0619,1,False
750,veṣṭ,vezw,,,True,3,vezw,,1,False
856,sev,sev,,attend upon,True,5,,,1,False
928,heṣ,hez,,,True,3,hez,,1,False
934,hreṣ,hrez,,neigh,True,2,hrez,,1,False
732,vindh,vinD,,lack,False,,,,0,False
733,vip,vip,,tremble,True,4,vip,,1,False
734,viś,viS,,enter,True,5,vi\Sa~,06.0160,1,False
735,viṣ,viz,,be active,True,4,vi\zu~,01.0794,1,False
784,śiñj,SiYj,,twang,True,2,SiYj,,2,False
786,śim,Sim,,,False,,,,0,False
787,śiṣ,Siz,,leave,True,4,Si\za~,10.0349,1,False
811,śri,Sri,,resort,True,4,SriY,01.1044,1,False
820,śliṣ,Sliz,,clasp,True,3,Sli\za~,04.0083,1,False
824,śvit,Svit,,be bright,True,2,,,0,False
841,sic,sic,,pour out,True,4,zi\ca~^,06.0170,1,False
842,sidh,siD,1,repel,True,5,ziDa~;zi\Du~,01.0049;04.0089,2,True
843,sidh,siD,2,succeed,True,5,ziDa~;zi\Du~,01.0049;04.0089,2,True
865,stigh,stiG,,mount,False,,,,0,False
866,stim,stim,,be stiff,False,,,,0,False
876,snih,snih,,be sticky,True,4,zRi\ha~;zRiha~,04.0097;10.0055,3,True
893,smi,smi,,smile,True,4,smi,,1,False
897,sridh,sriD,,blunder,True,3,,,0,False
906,svid,svid,,sweat,True,4,YizvidA~,01.1133,1,False
915,hiṃs,hiMs,,injure,True,4,hiMs;hisi~,10.0366,2,True
914,hi,hi,,impel,True,5,,,0,False
916,hikk,hikk,,sob,True,2,,,0,False
917,hiṇḍ,hiRq,,roam,True,2,,,0,False
31,iṅg,iNg,,stir,True,3,igi~,01.0163,1,False
35,idh,iD,,kindle,False,,,,0,False
41,il,il,,be quiet,False,,ila~,06.0084;10.0167,2,False
42,iṣ,iz,1,"seek, desire",True,5,iz;iza~;izu~,04.0022;06.0078,3,True
43,iṣ,iz,2,send,True,5,iz;iza~;izu~,04.0022;06.0078,3,True
130,klid,klid,,be wet,True,4,klidU~,04.0157,1,False
131,kliś,kliS,,distress,True,4,,,0,False
141,kṣi,kzi,1,possess,True,4,kzi\,01.0269;06.0143,2,False
142,kṣi,kzi,2,destroy,True,4,kzi\,01.0269;06.0143,2,False
143,kṣip,kzip,,throw,True,5,kzi\pa~;kzi\pa~^,04.0015;06.0005,2,True
152,kṣvid,kzvid,,hum,False,,,,0,False
162,khid,Kid,,tear,True,4,Ki\da~;Ki\da~\,04.0066;06.0172,2,True
225,ci,ci,1,gather,True,4,,,0,False
226,ci,ci,2,"note, observe",True,4,,,0,False
227,cit,cit,,"perceive, know, appear",True,5,citI~,01.0039,1,False
228,cint,cint,,think,False,,,,0,False
242,chid,Cid,,cut off,True,5,,,0,False
258,ji,ji,1,conquer,True,5,ji,,1,False
259,ji,ji,2,quicken,True,5,ji,,1,False
259,ji,ji,2,quicken,True,5,ji,,1,False
272,jri,jri,,go,True,1,,,0,False
305,tij,tij,,be sharp,True,2,teja~,01.0263,1,False
306,tim,tim,,be quiet,True,2,,,0,False
333,tviṣ,tviz,,be stirred up,True,3,,,0,False
356,diś,diS,,point,True,5,di\Sa~^,06.0003,1,False
357,dih,dih,,smear,True,4,,,0,False
388,dviṣ,dviz,,hate,True,4,,,0,False
397,dhi,Di,,,True,2,Di\,06.0142,1,False
423,niṃs,niMs,,kiss,True,2,,,0,False
424,nikṣ,nikz,,pierce,False,,,,0,False
425,nij,nij,,wash,True,3,,,0,False
426,nind,nind,,revile,True,4,Ridi~,01.0069,1,False
453,pinv,pinv,,fatten,True,3,,,0,False
454,pibd,pibd,,be firm,False,,,,0,False
455,piś,piS,,adorn,True,3,piSa~,06.0173,1,False
456,piṣ,piz,,crush,True,4,,,0,False
457,pis,pis,,stretch,False,,,,0,False
520,bhikṣ,Bikz,,beg,True,3,Bikz,,1,False
521,bhid,Bid,,split,True,5,Bidi~,01.0067,1,False
553,mi,mi,2,damage,True,3,,,0,False
561,mī,mI,,damage,True,3,,,0,False
554,mikṣ,mikz,,mix,True,3,,,0,False
556,mith,miT,,"alternate, altercate",True,2,miTf~^,01.1008,1,False
558,mil,mil,,combine,True,4,mila~,06.0091,1,False
559,miṣ,miz,,wink,True,3,miza~,06.0079,1,False
560,mih,mih,,urinate,True,3,mi\ha~,01.1147,1,False
35,idh,iD,,kindle,False,,,,0,False
588,mrit,mrit,,dissolve,False,,,,0,False
191,gṛ,gf,2,swallow,True,4,,,0,False
397,dhi,Di,,,True,2,Di\,06.0142,1,False
642,rikh,riK,,scratch,False,,riK;riKa~,01.0168,2,True
426,nind,nind,,revile,True,4,Ridi~,01.0069,1,False
452,pi,pi,,"swell, fatten",False,,,,0,False
644,ric,ric,,leave,True,4,ri\ca~;ric,10.0348,3,True
448,pā,pA,1,drink,True,5,pA\,01.1074,1,False
645,rip,rip,,smear,True,2,,,0,False
646,riph,riP,,snarl,True,1,riPa~,06.0026,1,False
647,ribh,riB,,sing,True,3,,,1,False
588,mrit,mrit,,dissolve,False,,,,0,False
648,riś,riS,,tear,True,2,ri\Sa~,06.0156,1,False
641,ri,ri,,flow,True,3,,,0,False
649,riṣ,riz,,be hurt,True,4,riza~,01.0790;04.0144,2,False
650,rih,rih,,lick,True,3,riha~,06.0027,1,False
727,vij,vij,,tremble,True,3,vij,,2,False
681,likh,liK,,scratch,True,4,liKa~,06.0092,1,False
767,śak,Sak,,be able,True,5,,,0,False
682,lip,lip,,smear,True,4,li\pa~^;lip,06.0169,2,True
796,śū,SU,,swell,False,,,,0,False
683,liś,liS,,tear,False,,liS;li\Sa~,06.0157,2,True
820,śliṣ,Sliz,,clasp,True,3,Sli\za~,04.0083,1,False
684,lih,lih,,lick,True,4,,,0,False
796,śū,SU,,swell,False,,,,0,False
725,vic,vic,1,sift,True,2,,,0,False
918,hīḍ,hIq,,be hostile,True,3,,,0,False
728,vid,vid,1,know,True,5,vi\dx~^,06.0168,1,False
729,vid,vid,2,find,True,5,vi\dx~^,06.0168,1,False
730,vidh,viD,1,worship,True,4,,,0,False
731,vidh,viD,2,,True,4,,,0,False
45,īkṣ,Ikz,,see,True,4,Ikz,,1,False
177,gā,gA,2,sing,True,5,,,0,False
46,īṅkh,INK,,swing,False,,IKi~,01.0151,1,False
280,ṭīk,wIk,,trip,False,,,,0,False
78,ej,ej,,stir,True,3,ejf~,01.0267,1,False
765,vlī,vlI,,crush,True,2,,,0,False
48,īḍ,Iq,,praise,True,4,,,0,False
523,bhī,BI,,fear,True,5,BI,,2,False
49,īr,Ir,,set in motion,True,3,,,0,False
888,sphā,sPA,,fatten,False,,,,0,False
50,īrṣy,Irzy,,be jealous,True,2,Irzya~,01.0588,1,False
51,īś,IS,,be master,True,4,,,0,False
52,īṣ,Iz,,move,True,3,Iza~,01.0780,1,False
53,īh,Ih,,be eager,True,3,Iha~\,01.0719,1,False
120,krī,krI,,buy,True,4,,,0,False
121,krīḍ,krIq,,play,True,4,krIqf~,01.0405,1,False
260,jīv,jIv,,live,True,5,jIva~,01.0643,1,False
284,ḍī,qI,,fly,False,,qI,,2,False
358,dī,dI,1,fly,True,3,,,0,False
359,dī,dI,2,shine,True,3,,,0,False
360,dīkṣ,dIkz,,be consecrated,True,3,,,0,False
362,dīp,dIp,,shine,True,5,dIp,,1,False
363,dīv,dIv,1,play,True,4,,,0,False
364,dīv,dIv,2,lament,True,4,,,0,False
398,dhī,DI,,think,True,4,,,0,False
427,nī,nI,,lead,True,5,RI\Y,01.1049,1,False
452,pi,pi,,"swell, fatten",False,,,,0,False
460,pīḍ,pIq,,press,True,2,pIqa~,10.0017,1,False
461,pīy,pIy,,abuse,False,,,,1,False
480,prī,prI,,please,True,5,prI,,1,False
523,bhī,BI,,fear,True,5,BI,,2,False
536,bhrī,BrI,,consume,True,1,,,0,False
562,mīl,mIl,,wink,True,2,mIla~,01.0595,1,False
563,mīv,mIv,,push,False,,mIva~,01.0645,1,False
641,ri,ri,,flow,True,3,,,0,False
685,lī,lI,1,cling,True,4,lI,,2,False
686,lī,lI,2,be unsteady,True,4,lI,,2,False
737,vī,vI,,enjoy,True,4,,,0,False
738,vīj,vIj,,fan,True,2,vIj,,2,False
739,vīḍ,vIq,,make strong,False,,,,0,False
762,vrīḍ,vrIq,,be abashed,True,3,vrIq;vrIqa~,04.0021,3,True
765,vlī,vlI,,crush,True,2,,,0,False
788,śī,SI,1,fall,True,4,SI,,1,False
789,śī,SI,2,lie,True,4,SI,,1,False
813,śrī,SrI,1,mix,True,5,,,0,False
825,ṣṭhīv,zWIv,,spew,True,3,,,0,False
830,sad,sad,,sit,True,4,za\dx~,01.0990;06.0163,2,False
845,sīv,sIv,,sew,True,3,,,0,False
866,stim,stim,,be stiff,False,,,,0,False
898,srīv,srIv,,fail,False,,,,0,False
918,hīḍ,hIq,,be hostile,True,3,,,0,False
932,hrī,hrI,,be ashamed,True,4,,,0,False
86,kal,kal,,"drive, produce",True,1,kala~,10.0093,1,False
114,kḷp,kxp,,be in order,False,,kxp,,1,False
139,kṣal,kzal,,wash,False,,kzala~,10.0086,1,False
174,gal,gal,,drop,True,4,gala~,01.0627,1,False
175,galbh,galB,,dare,False,,,,0,False
223,cal,cal,,stir,True,4,cal,,1,False
254,jalp,jalp,,"murmur, speak",True,4,,,0,False
274,jval,jval,,"burn, flame",True,4,jvala~,01.0916,1,False
346,dal,dal,,burst,True,3,dala~,01.0629,1,False
491,phal,Pal,1,brust,True,4,,,0,False
492,phal,Pal,2,fruit,True,4,,,0,False
495,bal,bal,,whirl,False,,,,0,False
676,lal,lal,,sport,True,3,lala~,01.0416,1,False
711,val,val,,turn,True,3,val,,1,False
712,valg,valg,,spring,True,3,valga~,01.0152,1,False
713,valh,valh,,challenge,False,,,,0,False
776,śal,Sal,,leap,False,,,,0,False
861,skhal,sKal,,stumble,True,4,sKala~,01.0625,1,False
887,sphal,sPal,,strike,False,,,,0,False
936,hval,hval,,go wrong,False,,hvala~,01.0917,1,False
391,dham,Dam,,blow,True,5,DmA\,01.1076,1,False
786,śim,Sim,,,False,,,,0,False
517,bhām,BAm,,be angry,False,,,,0,False
137,kṣam,kzam,,endure,True,4,kzam;kzamU~,04.0103,2,True
219,cam,cam,,sip,True,2,,,0,False
775,śam,Sam,3,note,True,5,Samu~,04.0098,1,False
808,śram,Sram,,be weary,True,4,Sramu~,04.0101,1,False
170,gam,gam,,go,True,5,ga\mx~,01.1137,1,False
380,dram,dram,,run,False,,,,0,False
416,nam,nam,,"bend, bow",True,4,Ra\ma~,01.1136,1,False
629,ram,ram,,be or make content,True,5,ram,,1,False
674,lam,lam,,take pleasure,False,,,,0,False
13,am,am,,injure,True,3,,,0,False
84,kam,kam,,love,True,3,kam,,1,False
119,kram,kram,,stride,True,4,kram;kramu~,01.0545,2,True
128,klam,klam,,be weary,True,3,klam;klamu~,04.0104,2,True
137,kṣam,kzam,,endure,True,4,kzam;kzamU~,04.0103,2,True
219,cam,cam,,sip,True,2,,,0,False
297,tam,tam,,faint,True,3,tam,,1,False
343,dam,dam,,control,True,4,damu~,04.0100,1,False
534,bhram,Bram,,wander,True,4,Bramu~,01.0985;04.0102,2,False
710,vam,vam,,vomit,True,4,wuvama~,01.0984,1,False
774,śam,Sam,2,be quiet,True,5,Samu~,04.0098,1,False
775,śam,Sam,3,note,True,5,Samu~,04.0098,1,False
808,śram,Sram,,be weary,True,4,Sramu~,04.0101,1,False
9,aṇṭh,aRW,,visit,False,,,,1,False
12,an,an,,breathe,True,4,,,0,False
25,āñch,AYC,,tear,True,2,,,0,False
85,kamp,kamp,,tremble,True,4,kamp,,1,False
90,kāṅkṣ,kANkz,,desire,True,4,kAkzi~,01.0760,1,False
118,krand,krand,,cry out,True,4,kradi~,01.0074,1,False
155,khañj,KaYj,,limp,True,2,Kaji~,01.0266,1,False
214,cañc,caYc,,dance,True,3,cancu~,01.0217,1,False
278,ṭaṅk,waNk,,cover,True,1,,,0,False
283,ḍamb,qamb,,mock,False,,,,0,False
493,baṃh,baMh,,make firm,False,,,,0,False
540,mañc,maYc,,purify,False,,,,0,False
543,maṇḍ,maRq,,deck,False,,maqi~,01.0361,1,False
612,raṃh,raMh,,hasten,True,3,rahi~,01.0833;10.0329,2,False
614,raṅg,raNg,,rock,False,,,,0,False
620,raṇv,raRv,,delight,False,,,,0,False
630,ramb,ramb,,hang down,False,,,,0,False
631,rambh,ramB,,roar,False,,,,0,False
669,laṅgh,laNG,,leap,True,3,laGi~;laNG,10.0291,2,True
675,lamb,lamb,,hang down,True,4,,,1,False
680,lāñch,lAYC,,mark,False,,lACi~,01.0235,1,False
702,vaṇṭ,vaRw,,divide,False,,vawi~,01.0377;10.0073,2,False
722,vāñch,vAYC,,desire,True,4,vACi~,01.0236,1,False
768,śaṅk,SaNk,,doubt,True,4,SaNk,,1,False
118,krand,krand,,cry out,True,4,kradi~,01.0074,1,False
132,kvaṇ,kvaR,,sound,True,3,kvaRa~,01.0518,1,False
217,can,can,,be pleased,True,2,,,0,False
295,tand,tand,,be weary,True,2,,,0,False
389,dhan,Dan,,run,True,2,,,0,False
390,dhanv,Danv,,run,True,3,Davi~,01.0681,1,False
408,dhvan,Dvan,,sound,True,3,Dvana~,01.0928,1,False
414,nand,nand,,rejoice,True,4,wunadi~,01.0070,1,False
439,paṇ,paR,,bargain,True,3,paR,,1,False
489,phaṇ,PaR,,spring,True,1,PaRa~,01.0955,1,False
508,bhaṇ,BaR,,speak,True,3,BaRa~,01.0515,1,False
509,bhan,Ban,,speak,True,2,,,0,False
707,vand,vand,,greet,True,4,,,1,False
807,śran,Sran,,give,False,,,,0,False
862,stan,stan,,thunder,True,3,zwana~,01.0532,1,False
902,svan,svan,,sound,True,3,svana~,01.0932,1,False
240,chand,Cand,,"seem, please",True,3,,,0,False
252,jambh,jamB,,"chew up, crush",False,,,,0,False
290,tañc,taYc,,coagulate,False,,,,0,False
287,taṃs,taMs,,shake,True,2,,,0,False
335,daṃś,daMS,,bite,True,4,,,0,False
335,daṃś,daMS,,bite,True,4,,,0,False
336,daṃs,daMs,,be wondrous,False,,,,0,False
407,dhvaṃs,DvaMs,,scatter,True,4,DvaMs,,1,False
419,naś,naS,2,attain,True,5,Ra\Sa~;naS,04.0091,2,True
444,pan,pan,,admire,True,2,pan,,1,False
494,bandh,banD,,bind,True,5,,,2,False
506,bhañj,BaYj,,break,True,4,,,0,False
510,bhand,Band,,be bright,True,2,,,1,False
510,bhand,Band,,be bright,True,2,,,1,False
546,man,man,,think,True,5,man,,1,False
539,majj,majj,,sink,True,4,wuma\sjo~,06.0151,1,False
544,math,maT,,shake,True,4,maTe~,01.0983,1,False
538,maṃh,maMh,,"be great, be liberal, bestow",False,,mahi~,10.0330,2,False
617,raj,raj,2,color,True,1,,,0,False
622,radh,raD,,be or make subject,True,3,ra\Da~,04.0090,1,False
628,rabh,raB,,take hold,True,3,raBi~\,01.0449,1,False
673,labh,laB,,take,True,5,,,1,False
701,vañc,vaYc,,move crookedly,True,3,vancu~,01.0216,1,False
758,vrad,vrad,,weaken,True,1,,,0,False
764,vlag,vlag,,pursue,False,,,,0,False
766,śaṃs,SaMs,,praise,True,5,Sansu~,01.0829,1,False
766,śaṃs,SaMs,,praise,True,5,Sansu~,01.0829,1,False
809,śrambh,SramB,,trust,False,,,,0,False
821,śvañc,SvaYc,,spread,False,,,,0,False
829,saj,saj,,hang,False,,,,0,False
857,skand,skand,,leap,True,3,ska\ndi~r,01.1134,1,False
858,skambh,skamB,,"prop,",True,3,,,1,False
863,stambh,stamB,,prop,True,4,,,1,False
878,spand,spand,,quiver,True,3,,,1,False
895,syand,syand,,move on,True,3,syandU~\,01.0865,1,False
896,sraṃs,sraMs,,fall,True,4,sraMs,,1,False
900,svaj,svaj,,embrace,True,3,svaj,,1,False
908,han,han,,smite,True,5,han,,1,False
545,mad,mad,,"be exhilarated, exhilarate",True,5,madI~,01.0927;04.0105,2,False
801,ścand,Scand,,shine,False,,,,0,False
249,jan,jan,,"give birth, be born",True,5,jan,,3,False
806,śrath,SraT,,slacken,True,3,,,0,False
4,aṅg,aNg,,move,True,2,agi~;anga,01.0155;10.0474,2,True
5,ac,ac,,bend,True,3,acu~^,01.0999,1,False
7,añj,aYj,,anoint,True,4,,,0,False
20,aś,aS,1,attain,True,5,,,0,False
135,kṣan,kzan,,wound,True,4,,,0,False
195,grath,graT,,tie,False,,graTi~\,01.0036,1,False
83,kan,kan,,"be pleased, enjoy",True,3,kanI~,01.0531,1,False
157,khan,Kan,,dig,True,4,Kanu~^,01.1020,1,False
249,jan,jan,,"give birth, be born",True,5,jan,,3,False
293,tan,tan,1,stretch,True,4,tan,,1,False
493,baṃh,baMh,,make firm,False,,,,0,False
706,van,van,,win,True,4,vana~,01.0533,1,False
831,san,san,,gain,True,4,zaRa~,01.0535,1,False
545,mad,mad,,"be exhilarated, exhilarate",True,5,madI~,01.0927;04.0105,2,False
158,kharj,Karj,,creak,False,,Karja~,01.0261,1,False
171,garj,garj,,roar,True,4,garja~,01.0258,1,False
172,gard,gard,,exult,False,,garda~,01.0059;10.0178,2,False
173,garh,garh,,chide,True,4,garha~;garha~\,01.0723;10.0383,2,True
221,carc,carc,,repeat,True,1,carc;carca~,01.0814,2,True
273,jvar,jvar,,be hot,True,2,jvara~,01.0885,1,False
277,jhar,Jar,,fall,False,,,,0,False
298,tark,tark,,think,False,,tarka~,10.0311,1,False
299,tarj,tarj,,threaten,True,2,tarj,,1,False
332,tvar,tvar,,hasten,True,4,,,0,False
334,tsar,tsar,,approach stealthily,True,2,,,0,False
417,nard,nard,,bellow,True,4,narda~,01.0058,1,False
445,pard,pard,,fart,False,,,,0,False
490,phar,Par,,scatter,False,,,,0,False
511,bharts,Barts,,revile,True,2,Barts;Bartsa~,10.0202,2,True
512,bharv,Barv,,devour,True,2,,,0,False
551,mārg,mArg,,chase,True,3,mArga,10.0108,2,False
833,sarj,sarj,,creak,True,2,,,0,False
904,svar,svar,,sound,True,4,,,0,False
220,car,car,,move,True,5,cara~,01.0640,1,False
222,carv,carv,,chew,True,4,carva~,01.0660,2,False
937,hvṛ,hvf,,be or make crooked,True,3,hvf\,01.1080,1,False
69,ṛ,f,,"go, send",True,3,f\,01.1086,1,False
70,ṛc,fc,,,True,4,fca~,06.0022,1,False
72,ṛj,fj,2,shine,True,3,arja~,01.0256,1,False
73,ṛt,ft,,pursue,True,1,,,0,False
74,ṛd,fd,,"stir, dissolve",True,2,,,0,False
75,ṛdh,fD,,thrive,True,4,fDu~,04.0160,2,False
77,ṛṣ,fz,,"rush, push",True,4,fz;fzI~,06.0007,2,True
18,arh,arh,,deserve,True,5,arha~,01.0841,1,False
106,kṛ,kf,1,make,True,5,kf,,1,False
109,kṛt,kft,1,cut,True,5,kft;kftI~,06.0171,2,True
110,kṛt,kft,2,spin,True,5,kft;kftI~,06.0171,2,True
111,kṛp,kfp,,lament,True,3,kfp;kfpa,10.0408,2,True
112,kṛś,kfS,,be lean,True,2,kfSa~,04.0140,1,False
113,kṛṣ,kfz,,"drag, plough",True,4,kf\za~;kf\za~^,01.1145;06.0006,2,True
192,gṛ,gf,3,wake,True,4,,,0,False
190,gṛ,gf,1,sing,True,4,,,0,False
193,gṛdh,gfD,,be greedy,True,3,gfDu~,04.0161,1,False
208,ghṛ,Gf,,drip,True,2,Gf;Gf\,01.1088;10.0152,2,True
209,ghṛṣ,Gfz,,rub,True,4,Gfzu~,01.0805,1,False
235,cṛt,cft,,bind,True,3,,,0,False
245,chṛd,Cfd,,"spue, eject",False,,,,1,False
266,jṛ,jf,2,sing,True,5,jf,,1,False
267,jṛmbh,jfmB,,gape,True,3,,,0,False
320,tṛd,tfd,,"split, bore",True,3,,,0,False
321,tṛp,tfp,,be pleased,True,4,tf\pa~;tfp;tfpa~,04.0092;06.0028,3,True
322,tṛṣ,tfz,,be thirsty,True,4,tfz,,1,False
323,tṛh,tfh,,crush,True,3,,,0,False
372,dṛ,df,2,heed,True,4,,,0,False
373,dṛp,dfp,,rave,True,3,df\pa~,04.0093,1,False
374,dṛbh,dfB,,bunch,True,2,,,0,False
375,dṛś,dfS,,see,True,5,,,0,False
376,dṛh,dfh,,make firm,True,3,,,0,False
376,dṛh,dfh,,make firm,True,3,,,0,False
409,dhvṛ,Dvf,,injure,True,2,Dvf\,01.1089,1,False
402,dhṛ,Df,,hold,True,4,Df\Y,01.1047,1,False
403,dhṛṣ,Dfz,,dare,True,4,Dfz,,1,False
433,nṛt,nft,,dance,True,4,nftI~,04.0010,1,False
470,pṛ,pf,2,pass,True,5,,,0,False
471,pṛ,pf,3,be busy,True,5,,,0,False
472,pṛc,pfc,,mix,True,3,pfc,,1,False
477,prach,praC,,ask,False,,pra\Ca~,06.0149,1,False
500,bṛh,bfh,1,make big or strong,False,,bfhU~;bfha~,01.0836;06.0074,2,True
500,bṛh,bfh,1,make big or strong,False,,bfhU~;bfha~,01.0836;06.0074,2,True
530,bhṛ,Bf,,bear,True,5,Bf\Y,01.1045,1,False
531,bhṛjj,Bfjj,,roast,True,3,,,0,False
571,mṛ,mf,1,die,True,5,mf,,2,False
574,mṛc,mfc,,injure,True,2,,,0,False
576,mṛj,mfj,,wipe,True,4,mfj,,3,False
579,mṛd,mfd,,"rub, crush",True,5,,,1,False
579,mṛd,mfd,,"rub, crush",True,5,,,1,False
580,mṛdh,mfD,,neglect,True,3,mfDu~^,01.1015,2,False
581,mṛś,mfS,,"touch, feel",True,3,mf\Sa~,06.0161,1,False
500,bṛh,bfh,1,make big or strong,False,,bfhU~;bfha~,01.0836;06.0074,2,True
582,mṛṣ,mfz,,not heed,True,4,mfza~^;mfzu~,01.0804;04.0060;10.0387,3,True
815,śru,Sru,,hear,True,5,,,0,False
740,vṛ,vf,1,cover,True,5,vf\,01.1083,1,False
106,kṛ,kf,1,make,True,5,kf,,1,False
741,vṛ,vf,2,choose,True,5,vf\,01.1083,1,False
742,vṛṃh,vfMh,,roar,False,,,,0,False
743,vṛj,vfj,,twist,True,4,vfj,,1,False
744,vṛt,vft,,turn,True,5,vft,,1,False
745,vṛdh,vfD,,grow,True,5,varDa~;vfDu~\,01.0863;10.0156,2,True
746,vṛṣ,vfz,,rain,True,4,vfzu~,01.0803,1,False
743,vṛj,vfj,,twist,True,4,vfj,,1,False
744,vṛt,vft,,turn,True,5,vft,,1,False
745,vṛdh,vfD,,grow,True,5,varDa~;vfDu~\,01.0863;10.0156,2,True
746,vṛṣ,vfz,,rain,True,4,vfzu~,01.0803,1,False
855,sṛp,sfp,,creep,True,4,sf\px~,01.1138,1,False
870,stṛ,stf,,strew,True,3,,,0,False
871,stṛh,stfh,,"crush,",False,,,,0,False
881,spṛ,spf,,win,True,3,,,0,False
882,spṛdh,spfD,,contend,True,4,,,0,False
883,spṛś,spfS,,touch,True,4,spf\Sa~,06.0158,1,False
884,spṛh,spfh,,be eager,True,3,spfha,10.0410,1,False
894,smṛ,smf,,remember,True,5,smf\,01.0919,1,False
923,hṛ,hf,1,take,True,5,hf\Y,01.1046,1,False
924,hṛ,hf,2,be angry,True,5,hf\Y,01.1046,1,False
925,hṛṣ,hfz,,be excited,True,5,hfza~;hfzu~,01.0806;04.0142,2,True
372,dṛ,df,2,heed,True,4,,,0,False
471,pṛ,pf,3,be busy,True,5,,,0,False
500,bṛh,bfh,1,make big or strong,False,,bfhU~;bfha~,01.0836;06.0074,2,True
743,vṛj,vfj,,twist,True,4,vfj,,1,False
138,kṣar,kzar,,flow,True,4,kzara~,01.0986,1,False
937,hvṛ,hvf,,be or make crooked,True,3,hvf\,01.1080,1,False
107,kṛ,kf,2,scatter,True,5,kf,,1,False
108,kṛ,kf,3,commemorate,True,5,kf,,1,False
190,gṛ,gf,1,sing,True,4,,,0,False
191,gṛ,gf,2,swallow,True,4,,,0,False
220,car,car,,move,True,5,cara~,01.0640,1,False
265,jṛ,jf,1,waste away,True,5,jf,,1,False
319,tṛ,tf,,pass,True,4,,,0,False
371,dṛ,df,1,"pierce, split",True,4,,,0,False
469,pṛ,pf,1,fill,True,5,,,0,False
572,mṛ,mf,2,crush,True,5,mf,,2,False
797,śṛ,Sf,1,crush,True,4,,,0,False
810,śrā,SrA,,boil,False,,SrA,,2,False
813,śrī,SrI,1,mix,True,5,,,0,False
870,stṛ,stf,,strew,True,3,,,0,False
882,spṛdh,spfD,,contend,True,4,,,0,False
892,sphṛ,sPf,,jerk,False,,,,0,False
57,uc,uc,,be pleased,True,3,uca~,04.0135,1,False
286,ḍhauk,QOk,,approach,True,2,QOk,,1,False
392,dhav,Dav,,flow,True,2,Davi~,01.0681,1,False
395,dhāv,DAv,1,run,True,4,DAvu~^,01.0685,1,False
396,dhāv,DAv,2,rinse,True,4,DAvu~^,01.0685,1,False
695,lok,lok,,look,False,,lok;lokf~,10.0307,2,True
696,loc,loc,,"see, consider",False,,loc;locf~,10.0308,2,True
803,ścut,Scut,,drip,True,3,Scuti~r,01.0041,1,False
815,śru,Sru,,hear,True,5,,,0,False
816,śruṣ,Sruz,,hear,True,2,,,0,False
846,su,su,,press out,True,5,,,0,False
849,sū,sU,,"generate, enliven, impel",True,4,zU,06.0144,1,False
848,subh,suB,,smother,False,,,,0,False
859,sku,sku,,tear,False,,,,0,False
869,stubh,stuB,,praise,True,3,,,1,False
877,snu,snu,,distil,True,3,,,0,False
889,sphuṭ,sPuw,,burst,True,4,sPuwa~;sPuwi~r,01.0379;06.0100,2,True
899,sru,sru,,flow,True,4,sru\,01.1090,1,False
919,hu,hu,,sacrifice,True,5,,,0,False
929,hnu,hnu,,hide,True,2,,,0,False
700,vaj,vaj,,be strong,False,,,,0,False
61,ud,ud,,wet,True,4,,,1,False
63,ubh,uB,,confine,True,5,uBa~,06.0044,1,False
740,vṛ,vf,1,cover,True,5,vf\,01.1083,1,False
718,vah,vah,,carry,True,5,va\ha~^,01.1159,1,False
409,dhvṛ,Dvf,,injure,True,2,Dvf\,01.1089,1,False
589,mruc,mruc,,set,True,1,mrucu~,01.0222,1,False
589,mruc,mruc,,set,True,1,mrucu~,01.0222,1,False
718,vah,vah,,carry,True,5,va\ha~^,01.1159,1,False
888,sphā,sPA,,fatten,False,,,,0,False
892,sphṛ,sPf,,jerk,False,,,,0,False
892,sphṛ,sPf,,jerk,False,,,,0,False
937,hvṛ,hvf,,be or make crooked,True,3,hvf\,01.1080,1,False
54,u,u,,proclaim,True,5,u,,1,False
55,ukṣ,ukz,1,sprinkle,True,4,ukza~,01.0745,1,False
57,uc,uc,,be pleased,True,3,uca~,04.0135,1,False
59,ujh,uJ,,forsake,True,3,,,0,False
60,uñch,uYC,,glean,True,2,uYC,,2,False
61,ud,ud,,wet,True,4,,,1,False
62,ubj,ubj,,force,True,3,ubja~,06.0023,1,False
63,ubh,uB,,confine,True,5,uBa~,06.0044,1,False
94,kuc,kuc,,"shrink, curl",False,,kuca~,01.0211;06.0095,2,False
94,kuc,kuc,,"shrink, curl",False,,kuca~,01.0211;06.0095,2,False
96,kuṭṭ,kuww,,"divide, crush",True,2,kuwwa~,10.0034,1,False
98,kuth,kuT,,stink,False,,kuTa~,04.0012,1,False
99,kup,kup,,be angry,True,4,kupa~,04.0146,1,False
100,kuṣ,kuz,,tear,True,2,kuz,,1,False
123,krudh,kruD,,be angry,True,5,kru\Da~,04.0086,1,False
124,kruś,kruS,,cry out,True,4,kru\Sa~,01.0992,1,False
144,kṣu,kzu,,sneeze,True,3,,,0,False
145,kṣud,kzud,,crush,True,3,,,1,False
146,kṣudh,kzuD,,be hungry,True,4,kzu\Da~,04.0087,1,False
147,kṣup,kzup,,be startled,False,,kzup,,1,False
148,kṣubh,kzuB,,quake,True,4,kzuBa~;kzuBa~\,01.0854;04.0154,2,True
149,kṣṇu,kzRu,,whet,True,2,,,0,False
892,sphṛ,sPf,,jerk,False,,,,0,False
163,khud,Kud,,to have sexual intercourse,True,1,,,1,False
180,gu,gu,,sound,False,,gu,,1,False
181,guñj,guYj,,hum,True,2,guji~,01.0231,1,False
182,guṇṭh,guRW,,cover up,True,1,,,0,False
63,ubh,uB,,confine,True,5,uBa~,06.0044,1,False
183,gup,gup,,protect,True,4,,,0,False
315,tul,tul,,"lift, weigh",False,,tul,,1,False
184,guph,guP,,twine,False,,,,0,False
184,guph,guP,,twine,False,,,,0,False
185,gur,gur,,greet,True,3,,,0,False
186,gulph,gulP,,bunch,False,,,,0,False
187,guh,guh,,hide,True,4,guhU~^,01.1043,1,False
205,ghuṭ,Guw,,turn,False,,,,0,False
206,ghuṣ,Guz,,sound,True,3,Guzi~r,01.0741,1,False
229,cud,cud,,impel,True,3,,,0,False
230,cup,cup,,stir,True,2,,,0,False
231,cumb,cumb,,kiss,True,3,,,1,False
232,cur,cur,,steal,True,1,,,0,False
237,cyu,cyu,,"move, stir",True,4,,,0,False
238,cyut,cyut,,drip,True,3,,,0,False
244,chur,Cur,,scatter,True,1,,,0,False
262,juṣ,juz,,enjoy,True,4,juz,,2,False
271,jyut,jyut,,shine,False,,,,0,False
309,tu,tu,,be strong,True,5,,,0,False
311,tuj,tuj,,"urge, thrust",True,3,tuj;tuja~,01.0277,2,True
312,tud,tud,,"push, thrust",True,3,tu\da~^,06.0001,1,False
314,turv,turv,,overcome,False,,,,0,False
315,tul,tul,,"lift, weigh",False,,tul,,1,False
316,tuś,tuS,,drip,True,2,,,0,False
317,tuṣ,tuz,,be content,True,4,tu\za~,04.0081,1,False
328,truṭ,truw,,come to pieces,True,3,,,0,False
365,du,du,,burn,True,3,,,0,False
366,dudh,duD,,stir up,True,2,,,0,False
367,dul,dul,,raise,False,,,,0,False
368,duṣ,duz,,spoil,True,4,du\za~,04.0082,1,False
369,duh,duh,,"milk, derive",True,4,,,2,False
379,dyut,dyut,,shine,True,3,dyut,,1,False
384,dru,dru,,run,True,5,dru\,01.1095,1,False
385,druh,druh,,be hostile,True,4,dru\ha~,04.0094,1,False
400,dhū,DU,,shake,True,4,DU,06.0133,2,False
399,dhukṣ,Dukz,,kindle,False,,,,0,False
429,nu,nu,1,praise,True,5,RU,06.0132,1,False
431,nud,nud,,push,True,4,Ru\da~^,06.0002,1,False
462,puṭ,puw,,scale,True,4,puw;puwa~,06.0094;10.0283,3,True
463,puth,puT,,crush,False,,puTa~,04.0013,1,False
464,puṣ,puz,,thrive,True,4,pu\za~;puza~,01.0797;04.0079,2,True
481,pru,pru,,flow,True,2,pru,,1,False
482,pruth,pruT,,snort,True,2,proTf~^,01.1005,1,False
483,pruṣ,pruz,,sprinkle,True,3,pruz,,2,False
485,plu,plu,,float,True,4,plu,,1,False
486,pluṣ,pluz,,,True,3,pluza~;pluzu~,01.0801;04.0009,2,True
497,budh,buD,,"know, wake",True,4,buDa~;bu\Da~\,01.0994;04.0068,2,True
524,bhuj,Buj,1,bend,True,5,Bu\jo~,06.0153,1,False
525,bhuj,Buj,2,enjoy,True,5,Bu\jo~,06.0153,1,False
564,muc,muc,,release,True,5,mu\cx~^,06.0166,1,False
565,muṭ,muw,,break,False,,,,0,False
566,mud,mud,,be merry,True,4,muda~\,01.0016,1,False
567,muṣ,muz,,steal,True,4,muz;muza~,01.0796,2,True
568,muh,muh,,be crazed,True,5,mu\ha~,04.0095,1,False
589,mruc,mruc,,set,True,1,mrucu~,01.0222,1,False
606,yu,yu,1,unite,True,4,yu,,1,False
607,yu,yu,2,separate,True,4,yu,,1,False
608,yuj,yuj,,join,True,5,,,0,False
609,yudh,yuD,,fight,True,5,yu\Da~\,04.0069,2,False
610,yup,yup,,obstruct,True,2,yupa~,04.0148,1,False
652,ru,ru,1,cry,True,3,ru,,1,False
653,ru,ru,2,break,True,3,ru,,1,False
654,ruc,ruc,,shine,True,4,ruc,,1,False
655,ruj,ruj,,break,True,4,ru\jo~;ruja~,06.0152;10.0335,2,True
656,ruṭh,ruW,,torment,False,,ruWa~,01.0389,1,False
657,rud,rud,,weep,True,4,,,0,False
658,rudh,ruD,1,grow,True,4,,,1,False
659,rudh,ruD,2,obstruct,True,4,,,1,False
660,rup,rup,,"break, pain",True,2,rupa~,04.0149,1,False
661,ruṣ,ruz,,be vexed,True,4,ruza~,01.0789;04.0143;10.0187,3,False
662,ruh,ruh,,ascend,True,4,ru\ha~,01.0995,1,False
687,luñc,luYc,,tear,True,3,lunca~,01.0214,1,False
688,luṭh,luW,1,roll,True,3,luWa~,01.0390;06.0110,3,False
689,luṭh,luW,2,rob,True,3,luWa~,01.0390;06.0110,3,False
690,luḍ,luq,,stir up,True,1,luq;luqa~,01.0352,2,True
689,luṭh,luW,2,rob,True,3,luWa~,01.0390;06.0110,3,False
691,lup,lup,,break,True,3,lu\px~^;lupa~,04.0150;06.0167,2,True
692,lubh,luB,,be lustful,True,4,luBa~,04.0153;06.0025,2,False
693,lul,lul,,be lively,True,3,lul,,1,False
763,vruḍ,vruq,,sink,False,,,,0,False
790,śuc,Suc,,gleam,True,4,I~Suci~^r;Suca~,01.0210;04.0061,2,True
791,śuj,Suj,,swell,True,2,,,0,False
792,śudh,SuD,,purify,True,5,Su\Da~,04.0088,2,False
792,śudh,SuD,,purify,True,5,Su\Da~,04.0088,2,False
792,śudh,SuD,,purify,True,5,Su\Da~,04.0088,2,False
792,śudh,SuD,,purify,True,5,Su\Da~,04.0088,2,False
19,av,av,,favor,True,4,ava~,01.0684,1,False
67,ūh,Uh,1,remove,True,3,Uha~\,01.0735,1,False
68,ūh,Uh,2,consider,True,3,Uha~\,01.0735,1,False
101,kū,kU,,design,False,,,,0,False
102,kūj,kUj,,hum,True,3,kUja~,01.0254,1,False
103,kūḍ,kUq,,burn,False,,kUq,,1,False
104,kūṇ,kUR,,shrink,False,,kUR,,1,False
105,kūrd,kUrd,,"leap, exult",True,2,,,1,False
115,knū,knU,,wet,False,,,,0,False
185,gur,gur,,greet,True,3,,,0,False
188,gūrd,gUrd,,exult,False,,,,0,False
189,gūrdh,gUrD,,exalt,False,,,,1,False
207,ghūrṇ,GUrR,,waver,True,3,GUrR,,1,False
234,cūṣ,cUz,,"draw, suck",True,3,cUza~,01.0767,1,False
263,jū,jU,,be swift,True,3,,,0,False
264,jūrv,jUrv,,consume,True,2,,,0,False
365,du,du,,burn,True,3,,,0,False
363,dīv,dIv,1,play,True,4,,,0,False
386,drū,drU,,hurl,True,1,,,0,False
400,dhū,DU,,shake,True,4,DU,06.0133,2,False
401,dhūrv,DUrv,,injure,True,3,,,0,False
465,pū,pU,,cleanse,True,5,pU,,1,False
466,pūj,pUj,,reverence,False,,pUj;pUja~,10.0144,2,True
467,pūy,pUy,,stink,True,2,pUyI~\,01.0557,1,False
502,brū,brU,,say,True,5,,,0,False
528,bhū,BU,,be,True,5,BU,01.0001,1,False
529,bhūṣ,BUz,,"attend upon, adorn",True,3,BUza~,01.0777,1,False
563,mīv,mIv,,push,False,,mIva~,01.0645,1,False
663,rūṣ,rUz,,strew,False,,rUz;rUza~,01.0772,2,True
694,lū,lU,,cut,True,3,,,0,False
825,ṣṭhīv,zWIv,,spew,True,3,,,0,False
849,sū,sU,,"generate, enliven, impel",True,4,zU,06.0144,1,False
796,śū,SU,,swell,False,,,,0,False
850,sūd,sUd,,put in order,True,3,zUda~,10.0242,2,False
921,hū,hU,,call,False,,,,0,False
851,sūrkṣ,sUrkz,,heed,False,,,,0,False
891,sphūrj,sPUrj,,rumble,True,3,,,0,False
845,sīv,sIv,,sew,True,3,,,0,False
898,srīv,srIv,,fail,False,,,,0,False
922,hūrch,hUrC,,fall away,False,,,,0,False
740,vṛ,vf,1,cover,True,5,vf\,01.1083,1,False
103,kūḍ,kUq,,burn,False,,kUq,,1,False
115,knū,knU,,wet,False,,,,0,False
187,guh,guh,,hide,True,4,guhU~^,01.1043,1,False
222,carv,carv,,chew,True,4,carva~,01.0660,2,False
314,turv,turv,,overcome,False,,,,0,False
368,duṣ,duz,,spoil,True,4,du\za~,04.0082,1,False
429,nu,nu,1,praise,True,5,RU,06.0132,1,False
464,puṣ,puz,,thrive,True,4,pu\za~;puza~,01.0797;04.0079,2,True
570,mūrch,mUrC,,thicken,True,4,,,0,False
570,mūrch,mUrC,,thicken,True,4,,,0,False
567,muṣ,muz,,steal,True,4,muz;muza~,01.0796,2,True
